2025-11-13T01:54:11.457Z In(05) vmx Log for VMware Workstation pid=10824 version=17.6.1 build=build-24319023 option=Release
2025-11-13T01:54:11.457Z In(05) vmx The host is x86_64.
2025-11-13T01:54:11.457Z In(05) vmx Host codepage=windows-949 encoding=windows-949-2000
2025-11-13T01:54:11.457Z In(05) vmx Host is Windows 10 Pro, 64-bit (Build 19045.6466)
2025-11-13T01:54:11.457Z In(05) vmx Host offset from UTC is -09:00.
2025-11-13T01:54:11.396Z In(05) vmx VTHREAD 1144 "vmx"
2025-11-13T01:54:11.400Z In(05) vmx LOCALE windows-949-2000 -> NULL User=412 System=412
2025-11-13T01:54:11.400Z In(05) vmx Msg_SetLocaleEx: HostLocale=windows-949-2000 UserLocale=NULL
2025-11-13T01:54:11.416Z In(05) vmx DictionaryLoad: Cannot open file "C:\Users\TJ\AppData\Roaming\VMware\config.ini": The system cannot find the file specified.
2025-11-13T01:54:11.416Z In(05) vmx Msg_Reset:
2025-11-13T01:54:11.416Z In(05) vmx [msg.dictionary.load.openFailed] Cannot open file "C:\Users\TJ\AppData\Roaming\VMware\config.ini": The system cannot find the file specified.
2025-11-13T01:54:11.416Z In(05) vmx ----------------------------------------
2025-11-13T01:54:11.416Z In(05) vmx ConfigDB: Failed to load C:\Users\TJ\AppData\Roaming\VMware\config.ini
2025-11-13T01:54:11.422Z In(05) vmx Win32U_GetFileAttributes: GetFileAttributesExW("D:\VM\BeeBox\bee-box_v1.6\bee-box\bee-box.vmpl", ...) failed, error: 2
2025-11-13T01:54:11.425Z In(05) vmx OBJLIB-LIB: Objlib initialized.
2025-11-13T01:54:11.428Z In(05) vmx DictionaryLoad: Cannot open file "C:\Users\TJ\AppData\Roaming\VMware\config.ini": The system cannot find the file specified.
2025-11-13T01:54:11.428Z In(05) vmx [msg.dictionary.load.openFailed] Cannot open file "C:\Users\TJ\AppData\Roaming\VMware\config.ini": The system cannot find the file specified.
2025-11-13T01:54:11.428Z In(05) vmx PREF Optional preferences file not found at C:\Users\TJ\AppData\Roaming\VMware\config.ini. Using default values.
2025-11-13T01:54:11.449Z In(05) vmx lib/ssl: OpenSSL using default provider
2025-11-13T01:54:11.451Z In(05) vmx lib/ssl: Client usage
2025-11-13T01:54:11.451Z In(05) vmx lib/ssl: protocol list tls1.2
2025-11-13T01:54:11.451Z In(05) vmx lib/ssl: protocol min 0x303 max 0x303
2025-11-13T01:54:11.451Z In(05) vmx lib/ssl: protocol list tls1.2 (openssl flags 0x36000000)
2025-11-13T01:54:11.451Z In(05) vmx lib/ssl: cipher list ECDHE+AESGCM:RSA+AESGCM:ECDHE+AES:RSA+AES
2025-11-13T01:54:11.451Z In(05) vmx lib/ssl: cipher suites TLS_AES_128_GCM_SHA256:TLS_AES_256_GCM_SHA384
2025-11-13T01:54:11.451Z In(05) vmx lib/ssl: curves list prime256v1:secp384r1:secp521r1
2025-11-13T01:54:11.451Z In(05) vmx lib/ssl: Server usage
2025-11-13T01:54:11.451Z In(05) vmx lib/ssl: protocol list tls1.2
2025-11-13T01:54:11.451Z In(05) vmx lib/ssl: protocol min 0x303 max 0x303
2025-11-13T01:54:11.451Z In(05) vmx lib/ssl: protocol list tls1.2 (openssl flags 0x36000000)
2025-11-13T01:54:11.451Z In(05) vmx lib/ssl: cipher list ECDHE+AESGCM:RSA+AESGCM:ECDHE+AES:RSA+AES
2025-11-13T01:54:11.451Z In(05) vmx lib/ssl: cipher suites TLS_AES_128_GCM_SHA256:TLS_AES_256_GCM_SHA384
2025-11-13T01:54:11.451Z In(05) vmx lib/ssl: curves list prime256v1:secp384r1:secp521r1
2025-11-13T01:54:11.464Z In(05) vmx Hostname=임지형
2025-11-13T01:54:11.474Z In(05) vmx IP=fe80::d7b7:130d:ef6c:ad31%16
2025-11-13T01:54:11.474Z In(05) vmx IP=fe80::d0df:d352:36e4:3f77%12
2025-11-13T01:54:11.474Z In(05) vmx IP=fe80::283:3c2d:85d9:74fd%10
2025-11-13T01:54:11.474Z In(05) vmx IP=fe80::b0c5:79b:b2fa:2a08%6
2025-11-13T01:54:11.474Z In(05) vmx IP=fe80::f59f:f537:f7d7:fc5c%13
2025-11-13T01:54:11.474Z In(05) vmx IP=fe80::a21e:f84a:1a7b:bf8%3
2025-11-13T01:54:11.474Z In(05) vmx IP=fe80::6d85:861d:f45e:7cd8%11
2025-11-13T01:54:11.474Z In(05) vmx IP=fe80::a54f:aa55:2c6c:1d1e%9
2025-11-13T01:54:11.474Z In(05) vmx IP=192.168.195.1
2025-11-13T01:54:11.474Z In(05) vmx IP=192.168.19.1
2025-11-13T01:54:11.474Z In(05) vmx IP=192.168.47.1
2025-11-13T01:54:11.474Z In(05) vmx IP=192.168.32.1
2025-11-13T01:54:11.474Z In(05) vmx IP=192.168.197.1
2025-11-13T01:54:11.474Z In(05) vmx IP=192.168.237.1
2025-11-13T01:54:11.474Z In(05) vmx IP=192.168.153.1
2025-11-13T01:54:11.474Z In(05) vmx IP=172.16.23.1
2025-11-13T01:54:11.497Z In(05) vmx System uptime 44905240074 us
2025-11-13T01:54:11.497Z In(05) vmx Command line: "C:\Program Files (x86)\VMware\VMware Workstation\x64\vmware-vmx.exe" "-T" "querytoken" "-s" "vmx.stdio.keep=TRUE" "-#" "product=1;name=VMware Workstation;version=17.6.1;buildnumber=24319023;licensename=VMware Workstation;licenseversion=17.0;" "-@" "pipe=\\.\pipe\vmx57e9a2caf7fc2519;msgs=ui" "D:\VM\BeeBox\bee-box_v1.6\bee-box\bee-box.vmx"
2025-11-13T01:54:11.497Z In(05) vmx Msg_SetLocaleEx: HostLocale=windows-949-2000 UserLocale=NULL
2025-11-13T01:54:11.541Z In(05) vmx WQPoolAllocPoll : pollIx = 1, signalHandle = 752
2025-11-13T01:54:11.541Z In(05) vmx WQPoolAllocPoll : pollIx = 2, signalHandle = 744
2025-11-13T01:54:11.542Z In(05) vmx VigorTransport listening on fd 832
2025-11-13T01:54:11.542Z In(05) vmx Vigor_Init 1
2025-11-13T01:54:11.542Z In(05) vmx Connecting 'ui' to pipe '\\.\pipe\vmx57e9a2caf7fc2519' with user '(null)'
2025-11-13T01:54:11.543Z In(05) vmx VMXVmdb: Local connection timeout: 60000 ms.
2025-11-13T01:54:11.606Z In(05) vmx VmdbAddConnection: cnxPath=/db/connection/#1/, cnxIx=1
2025-11-13T01:54:11.609Z In(05) vmx Vix: [mainDispatch.c:489]: VMAutomation: Initializing VMAutomation.
2025-11-13T01:54:11.610Z In(05) vmx Vix: [mainDispatch.c:741]: VMAutomationOpenListenerSocket() listening
2025-11-13T01:54:11.633Z In(05) vmx Vix: [mainDispatch.c:4213]: VMAutomation_ReportPowerOpFinished: statevar=0, newAppState=1870, success=1 additionalError=0
2025-11-13T01:54:11.633Z In(05) vmx Transitioned vmx/execState/val to poweredOff
2025-11-13T01:54:11.634Z In(05) vmx Vix: [mainDispatch.c:4213]: VMAutomation_ReportPowerOpFinished: statevar=1, newAppState=1873, success=1 additionalError=0
2025-11-13T01:54:11.634Z In(05) vmx Vix: [mainDispatch.c:4213]: VMAutomation_ReportPowerOpFinished: statevar=2, newAppState=1877, success=1 additionalError=0
2025-11-13T01:54:11.634Z In(05) vmx Vix: [mainDispatch.c:4213]: VMAutomation_ReportPowerOpFinished: statevar=3, newAppState=1881, success=1 additionalError=0
2025-11-13T01:54:11.687Z In(05) vmx IOPL_VBSRunning: VBS is set to 0
2025-11-13T01:54:11.689Z Wa(03) vmx Can't set WSS, error 1314
2025-11-13T01:54:11.689Z In(05) vmx VerificationOfHostParameters status 1
2025-11-13T01:54:11.689Z Wa(03) vmx VMX can't verify host parameters.
2025-11-13T01:54:11.692Z In(05) vmx FeatureCompat: No EVC masks.
2025-11-13T01:54:11.694Z In(05) vmx hostCPUID vendor: GenuineIntel
2025-11-13T01:54:11.694Z In(05) vmx hostCPUID family: 0x6 model: 0x9e stepping: 0x9
2025-11-13T01:54:11.694Z In(05) vmx hostCPUID codename: Kaby Lake-S/H QS
2025-11-13T01:54:11.694Z In(05) vmx hostCPUID name: Intel(R) Core(TM) i5-7400 CPU @ 3.00GHz
2025-11-13T01:54:11.694Z In(05) vmx hostCPUID level 00000000, 0: 0x00000016 0x756e6547 0x6c65746e 0x49656e69
2025-11-13T01:54:11.694Z In(05) vmx hostCPUID level 00000001, 0: 0x000906e9 0x00100800 0x7ffafbbf 0xbfebfbff
2025-11-13T01:54:11.694Z In(05) vmx hostCPUID level 00000002, 0: 0x76036301 0x00f0b6ff 0x00000000 0x00c30000
2025-11-13T01:54:11.694Z In(05) vmx hostCPUID level 00000003, 0: 0x00000000 0x00000000 0x00000000 0x00000000
2025-11-13T01:54:11.694Z In(05) vmx hostCPUID level 00000004, 0: 0x1c004121 0x01c0003f 0x0000003f 0x00000000
2025-11-13T01:54:11.694Z In(05) vmx hostCPUID level 00000004, 1: 0x1c004122 0x01c0003f 0x0000003f 0x00000000
2025-11-13T01:54:11.694Z In(05) vmx hostCPUID level 00000004, 2: 0x1c004143 0x00c0003f 0x000003ff 0x00000000
2025-11-13T01:54:11.694Z In(05) vmx hostCPUID level 00000004, 3: 0x1c03c163 0x02c0003f 0x00001fff 0x00000006
2025-11-13T01:54:11.694Z In(05) vmx hostCPUID level 00000004, 4: 0x00000000 0x00000000 0x00000000 0x00000000
2025-11-13T01:54:11.694Z In(05) vmx hostCPUID level 00000005, 0: 0x00000040 0x00000040 0x00000003 0x00142120
2025-11-13T01:54:11.694Z In(05) vmx hostCPUID level 00000006, 0: 0x000027f7 0x00000002 0x00000009 0x00000000
2025-11-13T01:54:11.694Z In(05) vmx hostCPUID level 00000007, 0: 0x00000000 0x029c67af 0x00000000 0x9c002400
2025-11-13T01:54:11.695Z In(05) vmx hostCPUID level 00000008, 0: 0x00000000 0x00000000 0x00000000 0x00000000
2025-11-13T01:54:11.695Z In(05) vmx hostCPUID level 00000009, 0: 0x00000000 0x00000000 0x00000000 0x00000000
2025-11-13T01:54:11.695Z In(05) vmx hostCPUID level 0000000a, 0: 0x07300804 0x00000000 0x00000000 0x00000603
2025-11-13T01:54:11.695Z In(05) vmx hostCPUID level 0000000b, 0: 0x00000001 0x00000001 0x00000100 0x00000000
2025-11-13T01:54:11.695Z In(05) vmx hostCPUID level 0000000b, 1: 0x00000004 0x00000004 0x00000201 0x00000000
2025-11-13T01:54:11.695Z In(05) vmx hostCPUID level 0000000b, 2: 0x00000000 0x00000000 0x00000002 0x00000000
2025-11-13T01:54:11.695Z In(05) vmx hostCPUID level 0000000c, 0: 0x00000000 0x00000000 0x00000000 0x00000000
2025-11-13T01:54:11.695Z In(05) vmx hostCPUID level 0000000d, 0: 0x0000001f 0x00000440 0x00000440 0x00000000
2025-11-13T01:54:11.695Z In(05) vmx hostCPUID level 0000000d, 1: 0x0000000f 0x00000440 0x00000100 0x00000000
2025-11-13T01:54:11.695Z In(05) vmx hostCPUID level 0000000d, 2: 0x00000100 0x00000240 0x00000000 0x00000000
2025-11-13T01:54:11.695Z In(05) vmx hostCPUID level 0000000d, 3: 0x00000040 0x000003c0 0x00000000 0x00000000
2025-11-13T01:54:11.695Z In(05) vmx hostCPUID level 0000000d, 4: 0x00000040 0x00000400 0x00000000 0x00000000
2025-11-13T01:54:11.695Z In(05) vmx hostCPUID level 0000000d, 5: 0x00000000 0x00000000 0x00000000 0x00000000
2025-11-13T01:54:11.695Z In(05) vmx hostCPUID level 0000000d, 6: 0x00000000 0x00000000 0x00000000 0x00000000
2025-11-13T01:54:11.695Z In(05) vmx hostCPUID level 0000000d, 7: 0x00000000 0x00000000 0x00000000 0x00000000
2025-11-13T01:54:11.695Z In(05) vmx hostCPUID level 0000000d, 8: 0x00000080 0x00000000 0x00000001 0x00000000
2025-11-13T01:54:11.695Z In(05) vmx hostCPUID level 0000000e, 0: 0x00000000 0x00000000 0x00000000 0x00000000
2025-11-13T01:54:11.695Z In(05) vmx hostCPUID level 0000000f, 0: 0x00000000 0x00000000 0x00000000 0x00000000
2025-11-13T01:54:11.695Z In(05) vmx hostCPUID level 0000000f, 1: 0x00000000 0x00000000 0x00000000 0x00000000
2025-11-13T01:54:11.695Z In(05) vmx hostCPUID level 00000010, 0: 0x00000000 0x00000000 0x00000000 0x00000000
2025-11-13T01:54:11.695Z In(05) vmx hostCPUID level 00000010, 1: 0x00000000 0x00000000 0x00000000 0x00000000
2025-11-13T01:54:11.695Z In(05) vmx hostCPUID level 00000010, 2: 0x00000000 0x00000000 0x00000000 0x00000000
2025-11-13T01:54:11.695Z In(05) vmx hostCPUID level 00000010, 3: 0x00000000 0x00000000 0x00000000 0x00000000
2025-11-13T01:54:11.695Z In(05) vmx hostCPUID level 00000011, 0: 0x00000000 0x00000000 0x00000000 0x00000000
2025-11-13T01:54:11.695Z In(05) vmx hostCPUID level 00000012, 0: 0x00000000 0x00000000 0x00000000 0x00000000
2025-11-13T01:54:11.695Z In(05) vmx hostCPUID level 00000012, 1: 0x00000000 0x00000000 0x00000000 0x00000000
2025-11-13T01:54:11.695Z In(05) vmx hostCPUID level 00000012, 2: 0x00000000 0x00000000 0x00000000 0x00000000
2025-11-13T01:54:11.695Z In(05) vmx hostCPUID level 00000012, 3: 0x00000000 0x00000000 0x00000000 0x00000000
2025-11-13T01:54:11.695Z In(05) vmx hostCPUID level 00000013, 0: 0x00000000 0x00000000 0x00000000 0x00000000
2025-11-13T01:54:11.695Z In(05) vmx hostCPUID level 00000014, 0: 0x00000001 0x0000000f 0x00000007 0x00000000
2025-11-13T01:54:11.695Z In(05) vmx hostCPUID level 00000014, 1: 0x02490002 0x003f3fff 0x00000000 0x00000000
2025-11-13T01:54:11.695Z In(05) vmx hostCPUID level 00000015, 0: 0x00000002 0x000000fa 0x00000000 0x00000000
2025-11-13T01:54:11.695Z In(05) vmx hostCPUID level 00000016, 0: 0x00000bb8 0x00000dac 0x00000064 0x00000000
2025-11-13T01:54:11.695Z In(05) vmx hostCPUID level 80000000, 0: 0x80000008 0x00000000 0x00000000 0x00000000
2025-11-13T01:54:11.695Z In(05) vmx hostCPUID level 80000001, 0: 0x00000000 0x00000000 0x00000121 0x2c100800
2025-11-13T01:54:11.695Z In(05) vmx hostCPUID level 80000002, 0: 0x65746e49 0x2952286c 0x726f4320 0x4d542865
2025-11-13T01:54:11.695Z In(05) vmx hostCPUID level 80000003, 0: 0x35692029 0x3034372d 0x50432030 0x20402055
2025-11-13T01:54:11.695Z In(05) vmx hostCPUID level 80000004, 0: 0x30302e33 0x007a4847 0x00000000 0x00000000
2025-11-13T01:54:11.695Z In(05) vmx hostCPUID level 80000005, 0: 0x00000000 0x00000000 0x00000000 0x00000000
2025-11-13T01:54:11.695Z In(05) vmx hostCPUID level 80000006, 0: 0x00000000 0x00000000 0x01006040 0x00000000
2025-11-13T01:54:11.695Z In(05) vmx hostCPUID level 80000007, 0: 0x00000000 0x00000000 0x00000000 0x00000100
2025-11-13T01:54:11.695Z In(05) vmx hostCPUID level 80000008, 0: 0x00003027 0x00000000 0x00000000 0x00000000
2025-11-13T01:54:11.695Z In(05) vmx CPUID differences from hostCPUID.
2025-11-13T01:54:11.695Z In(05) vmx Physical APIC IDs: 0,2,4,6
2025-11-13T01:54:11.695Z In(05) vmx Physical X2APIC IDs: 0,2,4,6
2025-11-13T01:54:11.696Z In(05) vmx Common: MSR       0x3a =                0x5
2025-11-13T01:54:11.696Z In(05) vmx Common: MSR      0x480 =   0xda040000000004
2025-11-13T01:54:11.696Z In(05) vmx Common: MSR      0x481 =       0x7f00000016
2025-11-13T01:54:11.696Z In(05) vmx Common: MSR      0x482 = 0xfff9fffe0401e172
2025-11-13T01:54:11.696Z In(05) vmx Common: MSR      0x483 =  0x1ffffff00036dff
2025-11-13T01:54:11.696Z In(05) vmx Common: MSR      0x484 =    0x3ffff000011ff
2025-11-13T01:54:11.696Z In(05) vmx Common: MSR      0x485 =         0x7004c1e7
2025-11-13T01:54:11.696Z In(05) vmx Common: MSR      0x486 =         0x80000021
2025-11-13T01:54:11.696Z In(05) vmx Common: MSR      0x487 =         0xffffffff
2025-11-13T01:54:11.696Z In(05) vmx Common: MSR      0x488 =             0x2000
2025-11-13T01:54:11.696Z In(05) vmx Common: MSR      0x489 =           0x3727ff
2025-11-13T01:54:11.696Z In(05) vmx Common: MSR      0x48a =               0x2e
2025-11-13T01:54:11.696Z In(05) vmx Common: MSR      0x48b =   0x5ffcff00000000
2025-11-13T01:54:11.696Z In(05) vmx Common: MSR      0x48c =      0xf0106734141
2025-11-13T01:54:11.696Z In(05) vmx Common: MSR      0x48d =       0x7f00000016
2025-11-13T01:54:11.696Z In(05) vmx Common: MSR      0x48e = 0xfff9fffe04006172
2025-11-13T01:54:11.696Z In(05) vmx Common: MSR      0x48f =  0x1ffffff00036dfb
2025-11-13T01:54:11.696Z In(05) vmx Common: MSR      0x490 =    0x3ffff000011fb
2025-11-13T01:54:11.696Z In(05) vmx Common: MSR      0x491 =                0x1
2025-11-13T01:54:11.696Z In(05) vmx Common: MSR      0x492 =                  0
2025-11-13T01:54:11.696Z In(05) vmx Common: MSR      0x493 =                  0
2025-11-13T01:54:11.696Z In(05) vmx Common: MSR 0xc0010114 =                  0
2025-11-13T01:54:11.696Z In(05) vmx Common: MSR       0xce =         0x80000000
2025-11-13T01:54:11.696Z In(05) vmx Common: MSR      0x10a =                  0
2025-11-13T01:54:11.696Z In(05) vmx Common: MSR      0x122 =                  0
2025-11-13T01:54:11.696Z In(05) vmx VMMon_GetkHzEstimate: Calculated 2999996 kHz
2025-11-13T01:54:11.696Z In(05) vmx TSC Hz estimates: vmmon 2999996000, remembered 0, osReported 3001000000. Using 2999996000 Hz.
2025-11-13T01:54:11.696Z In(05) vmx TSC first measured delta 333
2025-11-13T01:54:11.696Z In(05) vmx TSC min delta 161
2025-11-13T01:54:11.696Z In(05) vmx PTSC: RefClockToPTSC 0 @ 10000000Hz -> 0 @ 2999996000Hz
2025-11-13T01:54:11.696Z In(05) vmx PTSC: RefClockToPTSC ((x * 2516579045) >> 23) + -134716590551365
2025-11-13T01:54:11.696Z In(05) vmx PTSC: tscOffset -1473210728468780
2025-11-13T01:54:11.696Z In(05) vmx PTSC: using TSC
2025-11-13T01:54:11.696Z In(05) vmx PTSC: hardware TSCs are synchronized.
2025-11-13T01:54:11.696Z In(05) vmx PTSC: hardware TSCs may have been adjusted by the host.
2025-11-13T01:54:11.696Z In(05) vmx PTSC: current PTSC=370146
2025-11-13T01:54:11.725Z In(05) vmx WQPoolAllocPoll : pollIx = 3, signalHandle = 1052
2025-11-13T01:54:11.776Z In(05) vmx ConfigCheck: No rules file found. Checks are disabled.
2025-11-13T01:54:11.776Z In(05) vmx changing directory to D:\VM\BeeBox\bee-box_v1.6\bee-box\.
2025-11-13T01:54:11.776Z In(05) vmx Config file: D:\VM\BeeBox\bee-box_v1.6\bee-box\bee-box.vmx
2025-11-13T01:54:11.776Z In(05) vmx Vix: [mainDispatch.c:4213]: VMAutomation_ReportPowerOpFinished: statevar=1, newAppState=1873, success=1 additionalError=0
2025-11-13T01:54:11.776Z In(05) vmx Vix: [mainDispatch.c:4213]: VMAutomation_ReportPowerOpFinished: statevar=2, newAppState=1878, success=1 additionalError=0
2025-11-13T01:54:11.778Z In(05) vmx LogRotation: Rotating to a new log file (keepOld 3) took 0.000098 seconds.
2025-11-13T01:54:11.790Z No(00) vmx LogVMXReplace: Successful switching from temporary to permanent log file took 0.011183 seconds.
2025-11-13T01:54:11.811Z Wa(03) vmx PowerOn
2025-11-13T01:54:11.811Z In(05) vmx VMX_PowerOn: VMX build 24319023, UI build 24319023
2025-11-13T01:54:11.811Z In(05) vmx HostWin32: WIN32 NUMA node 0, CPU mask 0x000000000000000f
2025-11-13T01:54:11.817Z In(05) vmx Vix: [mainDispatch.c:4213]: VMAutomation_ReportPowerOpFinished: statevar=0, newAppState=1871, success=1 additionalError=0
2025-11-13T01:54:11.818Z No(00) vmx ConfigDB: Setting vmxstats.filename = "bee-box.scoreboard"
2025-11-13T01:54:11.856Z In(05) vmx STATSFILE: StatsFile 'D:\VM\BeeBox\bee-box_v1.6\bee-box\bee-box.scoreboard' created
2025-11-13T01:54:11.857Z In(05) vmx HOST Windows version 10.0, build 19045, platform 2, ""
2025-11-13T01:54:11.857Z In(05) vmx DICT --- GLOBAL SETTINGS C:\ProgramData\VMware\VMware Workstation\settings.ini
2025-11-13T01:54:11.857Z In(05) vmx DICT          printers.enabled = "FALSE"
2025-11-13T01:54:11.857Z In(05) vmx DICT --- NON PERSISTENT (null)
2025-11-13T01:54:11.857Z In(05) vmx DICT --- USER PREFERENCES C:\Users\TJ\AppData\Roaming\VMware\preferences.ini
2025-11-13T01:54:11.857Z In(05) vmx DICT pref.keyboardAndMouse.vmHotKey.enabled = "FALSE"
2025-11-13T01:54:11.857Z In(05) vmx DICT pref.keyboardAndMouse.vmHotKey.count = "0"
2025-11-13T01:54:11.857Z In(05) vmx DICT         vmWizard.guestKey = "debian12-64"
2025-11-13T01:54:11.857Z In(05) vmx DICT vmWizard.installMediaType = "later"
2025-11-13T01:54:11.857Z In(05) vmx DICT vmWizard.isoLocationMRU.count = "5"
2025-11-13T01:54:11.857Z In(05) vmx DICT vmWizard.isoLocationMRU0.location = "D:\Images\Rocky\Rocky-9.5-x86_64-minimal.iso"
2025-11-13T01:54:11.857Z In(05) vmx DICT pref.ws.session.window.count = "1"
2025-11-13T01:54:11.857Z In(05) vmx DICT pref.ws.session.window0.tab.count = "2"
2025-11-13T01:54:11.857Z In(05) vmx DICT pref.ws.session.window0.tab0.cnxType = "vmdb"
2025-11-13T01:54:11.857Z In(05) vmx DICT pref.ws.session.window0.tab1.cnxType = "vmdb"
2025-11-13T01:54:11.857Z In(05) vmx DICT pref.ws.session.window0.sidebar = "TRUE"
2025-11-13T01:54:11.857Z In(05) vmx DICT pref.ws.session.window0.sidebar.width = "248"
2025-11-13T01:54:11.857Z In(05) vmx DICT pref.ws.session.window0.statusBar = "TRUE"
2025-11-13T01:54:11.857Z In(05) vmx DICT pref.ws.session.window0.tabs = "TRUE"
2025-11-13T01:54:11.857Z In(05) vmx DICT pref.ws.session.window0.thumbnailBar = "FALSE"
2025-11-13T01:54:11.857Z In(05) vmx DICT pref.ws.session.window0.thumbnailBar.size = "124"
2025-11-13T01:54:11.857Z In(05) vmx DICT pref.ws.session.window0.thumbnailBar.view = "opened-vms"
2025-11-13T01:54:11.857Z In(05) vmx DICT pref.ws.session.window0.placement.left = "213"
2025-11-13T01:54:11.857Z In(05) vmx DICT pref.ws.session.window0.placement.top = "94"
2025-11-13T01:54:11.857Z In(05) vmx DICT pref.ws.session.window0.placement.right = "1745"
2025-11-13T01:54:11.857Z In(05) vmx DICT pref.ws.session.window0.placement.bottom = "1061"
2025-11-13T01:54:11.858Z In(05) vmx DICT pref.ws.session.window0.maximized = "FALSE"
2025-11-13T01:54:11.858Z In(05) vmx DICT pref.wspro.firstRunDismissedVersion = "17.6.1"
2025-11-13T01:54:11.858Z In(05) vmx DICT   pref.lastUpdateCheckSec = "1762998830"
2025-11-13T01:54:11.858Z In(05) vmx DICT pref.snapshotManager.left = "647"
2025-11-13T01:54:11.858Z In(05) vmx DICT  pref.snapshotManager.top = "152"
2025-11-13T01:54:11.858Z In(05) vmx DICT pref.snapshotManager.right = "1444"
2025-11-13T01:54:11.858Z In(05) vmx DICT pref.snapshotManager.bottom = "794"
2025-11-13T01:54:11.858Z In(05) vmx DICT vmWizard.isoLocationMRU1.location = "Y:\1.학원-IOS,이미지\Linux-Debian(ubuntu,kali)\ubuntu-25.04-desktop-amd64.iso"
2025-11-13T01:54:11.858Z In(05) vmx DICT pref.ws.session.window0.tab2.cnxType = "vmdb"
2025-11-13T01:54:11.858Z In(05) vmx DICT vmWizard.isoLocationMRU2.location = "D:\Images\Windows ISO\Windows 10 LTSB Remiz 1510 윈10 커스텀 윈도우, vm용.iso"
2025-11-13T01:54:11.858Z In(05) vmx DICT             vmWizard.mode = "typical"
2025-11-13T01:54:11.858Z In(05) vmx DICT vmWizard.isoLocationMRU3.location = "D:\Images\Windows ISO\Windows_2022Server.iso"
2025-11-13T01:54:11.858Z In(05) vmx DICT  vmWizard.physicalBackend = "auto detect"
2025-11-13T01:54:11.858Z In(05) vmx DICT pref.ws.session.window0.tab3.cnxType = "vmdb"
2025-11-13T01:54:11.858Z In(05) vmx DICT pref.ws.session.window0.tab4.cnxType = "vmdb"
2025-11-13T01:54:11.858Z In(05) vmx DICT        pref.hostMRU.count = "2"
2025-11-13T01:54:11.858Z In(05) vmx DICT        pref.hostMRU0.name = "172.16.0.100"
2025-11-13T01:54:11.858Z In(05) vmx DICT        pref.hostMRU0.type = "vim"
2025-11-13T01:54:11.858Z In(05) vmx DICT    pref.hostMRU0.viewtype = "vmView"
2025-11-13T01:54:11.858Z In(05) vmx DICT pref.ws.session.window0.tab5.cnxType = "vmdb"
2025-11-13T01:54:11.858Z In(05) vmx DICT pref.ws.session.window0.tab0.dest = ""
2025-11-13T01:54:11.858Z In(05) vmx DICT pref.ws.session.window0.tab0.file = ""
2025-11-13T01:54:11.858Z In(05) vmx DICT pref.ws.session.window0.tab0.type = "home"
2025-11-13T01:54:11.858Z In(05) vmx DICT pref.ws.session.window0.tab0.focused = "FALSE"
2025-11-13T01:54:11.858Z In(05) vmx DICT        pref.hostMRU1.name = "172.16.254.55"
2025-11-13T01:54:11.858Z In(05) vmx DICT        pref.hostMRU1.type = "vim"
2025-11-13T01:54:11.858Z In(05) vmx DICT    pref.hostMRU1.viewtype = "vmView"
2025-11-13T01:54:11.858Z In(05) vmx DICT vmWizard.isoLocationMRU4.location = "D:\Images\Ubuntu\ubuntu-24.04.2-live-server-amd64.iso"
2025-11-13T01:54:11.858Z In(05) vmx DICT             hints.hideAll = "FALSE"
2025-11-13T01:54:11.858Z In(05) vmx DICT  hint.vmui.discardSuspend = "FALSE"
2025-11-13T01:54:11.858Z In(05) vmx DICT pref.ws.session.window0.tab1.dest = ""
2025-11-13T01:54:11.858Z In(05) vmx DICT pref.ws.session.window0.tab1.file = "D:\vmwarebackup\Rocky_for_class\Rocky_for_class.vmx"
2025-11-13T01:54:11.858Z In(05) vmx DICT pref.ws.session.window0.tab1.type = "vm"
2025-11-13T01:54:11.858Z In(05) vmx DICT pref.ws.session.window0.tab1.focused = "TRUE"
2025-11-13T01:54:11.858Z In(05) vmx DICT --- USER DEFAULTS C:\Users\TJ\AppData\Roaming\VMware\config.ini
2025-11-13T01:54:11.858Z In(05) vmx DICT --- HOST DEFAULTS C:\ProgramData\VMware\VMware Workstation\config.ini
2025-11-13T01:54:11.858Z In(05) vmx DICT         authd.client.port = "902"
2025-11-13T01:54:11.858Z In(05) vmx DICT           authd.proxy.nfc = "vmware-hostd:ha-nfc"
2025-11-13T01:54:11.858Z In(05) vmx DICT installerDefaults.autoSoftwareUpdateEnabled = "yes"
2025-11-13T01:54:11.858Z In(05) vmx DICT installerDefaults.autoSoftwareUpdateEnabled.epoch = "8719"
2025-11-13T01:54:11.858Z In(05) vmx DICT installerDefaults.componentDownloadEnabled = "yes"
2025-11-13T01:54:11.858Z In(05) vmx DICT installerDefaults.dataCollectionEnabled = "no"
2025-11-13T01:54:11.858Z In(05) vmx DICT installerDefaults.dataCollectionEnabled.epoch = "8719"
2025-11-13T01:54:11.858Z In(05) vmx DICT --- SITE DEFAULTS C:\ProgramData\VMware\VMware Workstation\config.ini
2025-11-13T01:54:11.858Z In(05) vmx DICT         authd.client.port = "902"
2025-11-13T01:54:11.858Z In(05) vmx DICT           authd.proxy.nfc = "vmware-hostd:ha-nfc"
2025-11-13T01:54:11.858Z In(05) vmx DICT installerDefaults.autoSoftwareUpdateEnabled = "yes"
2025-11-13T01:54:11.858Z In(05) vmx DICT installerDefaults.autoSoftwareUpdateEnabled.epoch = "8719"
2025-11-13T01:54:11.858Z In(05) vmx DICT installerDefaults.componentDownloadEnabled = "yes"
2025-11-13T01:54:11.858Z In(05) vmx DICT installerDefaults.dataCollectionEnabled = "no"
2025-11-13T01:54:11.858Z In(05) vmx DICT installerDefaults.dataCollectionEnabled.epoch = "8719"
2025-11-13T01:54:11.858Z In(05) vmx DICT --- NONPERSISTENT
2025-11-13T01:54:11.859Z In(05) vmx DICT            vmx.stdio.keep = "TRUE"
2025-11-13T01:54:11.859Z In(05) vmx DICT             gui.available = "TRUE"
2025-11-13T01:54:11.859Z In(05) vmx DICT --- COMMAND LINE
2025-11-13T01:54:11.859Z In(05) vmx DICT            vmx.stdio.keep = "TRUE"
2025-11-13T01:54:11.859Z In(05) vmx DICT             gui.available = "TRUE"
2025-11-13T01:54:11.859Z In(05) vmx DICT --- RECORDING
2025-11-13T01:54:11.859Z In(05) vmx DICT            vmx.stdio.keep = "TRUE"
2025-11-13T01:54:11.859Z In(05) vmx DICT             gui.available = "TRUE"
2025-11-13T01:54:11.859Z In(05) vmx DICT --- CONFIGURATION D:\VM\BeeBox\bee-box_v1.6\bee-box\bee-box.vmx 
2025-11-13T01:54:11.859Z In(05) vmx DICT            config.version = "8"
2025-11-13T01:54:11.859Z In(05) vmx DICT         virtualHW.version = "8"
2025-11-13T01:54:11.859Z In(05) vmx DICT               vcpu.hotadd = "TRUE"
2025-11-13T01:54:11.859Z In(05) vmx DICT             scsi0.present = "TRUE"
2025-11-13T01:54:11.859Z In(05) vmx DICT          scsi0.virtualDev = "lsilogic"
2025-11-13T01:54:11.859Z In(05) vmx DICT                   memsize = "1024"
2025-11-13T01:54:11.859Z In(05) vmx DICT                mem.hotadd = "TRUE"
2025-11-13T01:54:11.859Z In(05) vmx DICT           scsi0:0.present = "TRUE"
2025-11-13T01:54:11.859Z In(05) vmx DICT          scsi0:0.fileName = "bee-box.vmdk"
2025-11-13T01:54:11.859Z In(05) vmx DICT         ethernet0.present = "TRUE"
2025-11-13T01:54:11.859Z In(05) vmx DICT  ethernet0.connectionType = "bridged"
2025-11-13T01:54:11.859Z In(05) vmx DICT   ethernet0.wakeOnPcktRcv = "FALSE"
2025-11-13T01:54:11.859Z In(05) vmx DICT     ethernet0.addressType = "generated"
2025-11-13T01:54:11.859Z In(05) vmx DICT               usb.present = "TRUE"
2025-11-13T01:54:11.859Z In(05) vmx DICT              ehci.present = "TRUE"
2025-11-13T01:54:11.859Z In(05) vmx DICT             sound.present = "TRUE"
2025-11-13T01:54:11.859Z In(05) vmx DICT            sound.fileName = "-1"
2025-11-13T01:54:11.859Z In(05) vmx DICT          sound.autodetect = "TRUE"
2025-11-13T01:54:11.859Z In(05) vmx DICT        pciBridge0.present = "TRUE"
2025-11-13T01:54:11.859Z In(05) vmx DICT        pciBridge4.present = "TRUE"
2025-11-13T01:54:11.859Z In(05) vmx DICT     pciBridge4.virtualDev = "pcieRootPort"
2025-11-13T01:54:11.859Z In(05) vmx DICT      pciBridge4.functions = "8"
2025-11-13T01:54:11.859Z In(05) vmx DICT        pciBridge5.present = "TRUE"
2025-11-13T01:54:11.859Z In(05) vmx DICT     pciBridge5.virtualDev = "pcieRootPort"
2025-11-13T01:54:11.859Z In(05) vmx DICT      pciBridge5.functions = "8"
2025-11-13T01:54:11.859Z In(05) vmx DICT        pciBridge6.present = "TRUE"
2025-11-13T01:54:11.859Z In(05) vmx DICT     pciBridge6.virtualDev = "pcieRootPort"
2025-11-13T01:54:11.859Z In(05) vmx DICT      pciBridge6.functions = "8"
2025-11-13T01:54:11.859Z In(05) vmx DICT        pciBridge7.present = "TRUE"
2025-11-13T01:54:11.859Z In(05) vmx DICT     pciBridge7.virtualDev = "pcieRootPort"
2025-11-13T01:54:11.859Z In(05) vmx DICT      pciBridge7.functions = "8"
2025-11-13T01:54:11.859Z In(05) vmx DICT             vmci0.present = "TRUE"
2025-11-13T01:54:11.859Z In(05) vmx DICT             hpet0.present = "TRUE"
2025-11-13T01:54:11.859Z In(05) vmx DICT usb.vbluetooth.startConnected = "TRUE"
2025-11-13T01:54:11.859Z In(05) vmx DICT               displayName = "bee-box v1.6"
2025-11-13T01:54:11.859Z In(05) vmx DICT                   guestOS = "ubuntu"
2025-11-13T01:54:11.859Z In(05) vmx DICT                     nvram = "bee-box.nvram"
2025-11-13T01:54:11.859Z In(05) vmx DICT virtualHW.productCompatibility = "hosted"
2025-11-13T01:54:11.859Z In(05) vmx DICT        powerType.powerOff = "hard"
2025-11-13T01:54:11.859Z In(05) vmx DICT         powerType.powerOn = "hard"
2025-11-13T01:54:11.859Z In(05) vmx DICT         powerType.suspend = "hard"
2025-11-13T01:54:11.859Z In(05) vmx DICT           powerType.reset = "hard"
2025-11-13T01:54:11.859Z In(05) vmx DICT        extendedConfigFile = "bee-box.vmxf"
2025-11-13T01:54:11.859Z In(05) vmx DICT ethernet0.generatedAddress = "00:0C:29:3E:BA:70"
2025-11-13T01:54:11.859Z In(05) vmx DICT                  vmci0.id = "-912055356"
2025-11-13T01:54:11.859Z In(05) vmx DICT            tools.syncTime = "FALSE"
2025-11-13T01:54:11.860Z In(05) vmx DICT             uuid.location = "56 4d 36 10 f1 8c 00 97-c1 c9 48 1f a8 0d 8e d0"
2025-11-13T01:54:11.860Z In(05) vmx DICT                 uuid.bios = "56 4d 88 ed 0b 72 3e 53-1f c6 f5 42 60 3e ba 70"
2025-11-13T01:54:11.860Z In(05) vmx DICT             cleanShutdown = "TRUE"
2025-11-13T01:54:11.860Z In(05) vmx DICT          replay.supported = "FALSE"
2025-11-13T01:54:11.860Z In(05) vmx DICT   gui.lastPoweredViewMode = "fullscreen"
2025-11-13T01:54:11.860Z In(05) vmx DICT          unity.wasCapable = "FALSE"
2025-11-13T01:54:11.860Z In(05) vmx DICT           replay.filename = ""
2025-11-13T01:54:11.860Z In(05) vmx DICT              scsi0:0.redo = ""
2025-11-13T01:54:11.860Z In(05) vmx DICT  pciBridge0.pciSlotNumber = "17"
2025-11-13T01:54:11.860Z In(05) vmx DICT  pciBridge4.pciSlotNumber = "21"
2025-11-13T01:54:11.860Z In(05) vmx DICT  pciBridge5.pciSlotNumber = "22"
2025-11-13T01:54:11.860Z In(05) vmx DICT  pciBridge6.pciSlotNumber = "23"
2025-11-13T01:54:11.860Z In(05) vmx DICT  pciBridge7.pciSlotNumber = "24"
2025-11-13T01:54:11.860Z In(05) vmx DICT       scsi0.pciSlotNumber = "16"
2025-11-13T01:54:11.860Z In(05) vmx DICT         usb.pciSlotNumber = "32"
2025-11-13T01:54:11.860Z In(05) vmx DICT   ethernet0.pciSlotNumber = "33"
2025-11-13T01:54:11.860Z In(05) vmx DICT       sound.pciSlotNumber = "34"
2025-11-13T01:54:11.860Z In(05) vmx DICT        ehci.pciSlotNumber = "35"
2025-11-13T01:54:11.860Z In(05) vmx DICT       vmci0.pciSlotNumber = "36"
2025-11-13T01:54:11.860Z In(05) vmx DICT             usb:1.present = "TRUE"
2025-11-13T01:54:11.860Z In(05) vmx DICT ethernet0.generatedAddressOffset = "0"
2025-11-13T01:54:11.860Z In(05) vmx DICT       tools.remindInstall = "FALSE"
2025-11-13T01:54:11.860Z In(05) vmx DICT  vmotion.checkpointFBSize = "41943040"
2025-11-13T01:54:11.860Z In(05) vmx DICT               usb:1.speed = "2"
2025-11-13T01:54:11.860Z In(05) vmx DICT          usb:1.deviceType = "hub"
2025-11-13T01:54:11.860Z In(05) vmx DICT                usb:1.port = "1"
2025-11-13T01:54:11.860Z In(05) vmx DICT              usb:1.parent = "-1"
2025-11-13T01:54:11.860Z In(05) vmx DICT     gui.viewModeAtPowerOn = "fullscreen"
2025-11-13T01:54:11.860Z In(05) vmx DICT                annotation = <not printed>
2025-11-13T01:54:11.860Z In(05) vmx DICT        checkpoint.vmState = ""
2025-11-13T01:54:11.860Z In(05) vmx DICT            ide1:0.present = "FALSE"
2025-11-13T01:54:11.860Z In(05) vmx DICT           serial0.present = "FALSE"
2025-11-13T01:54:11.860Z In(05) vmx DICT           floppy0.present = "FALSE"
2025-11-13T01:54:11.860Z In(05) vmx DICT             usb:0.present = "TRUE"
2025-11-13T01:54:11.860Z In(05) vmx DICT          usb:0.deviceType = "hid"
2025-11-13T01:54:11.860Z In(05) vmx DICT                usb:0.port = "0"
2025-11-13T01:54:11.860Z In(05) vmx DICT              usb:0.parent = "-1"
2025-11-13T01:54:11.860Z In(05) vmx DICT         vmxstats.filename = "bee-box.scoreboard"
2025-11-13T01:54:11.860Z In(05) vmx DICT --- USER DEFAULTS C:\Users\TJ\AppData\Roaming\VMware\config.ini 
2025-11-13T01:54:11.860Z In(05) vmx DICT --- HOST DEFAULTS C:\ProgramData\VMware\VMware Workstation\config.ini 
2025-11-13T01:54:11.860Z In(05) vmx DICT         authd.client.port = "902"
2025-11-13T01:54:11.860Z In(05) vmx DICT           authd.proxy.nfc = "vmware-hostd:ha-nfc"
2025-11-13T01:54:11.860Z In(05) vmx DICT installerDefaults.autoSoftwareUpdateEnabled = "yes"
2025-11-13T01:54:11.860Z In(05) vmx DICT installerDefaults.autoSoftwareUpdateEnabled.epoch = "8719"
2025-11-13T01:54:11.860Z In(05) vmx DICT installerDefaults.componentDownloadEnabled = "yes"
2025-11-13T01:54:11.860Z In(05) vmx DICT installerDefaults.dataCollectionEnabled = "no"
2025-11-13T01:54:11.860Z In(05) vmx DICT installerDefaults.dataCollectionEnabled.epoch = "8719"
2025-11-13T01:54:11.860Z In(05) vmx DICT --- SITE DEFAULTS C:\ProgramData\VMware\VMware Workstation\config.ini 
2025-11-13T01:54:11.860Z In(05) vmx DICT         authd.client.port = "902"
2025-11-13T01:54:11.860Z In(05) vmx DICT           authd.proxy.nfc = "vmware-hostd:ha-nfc"
2025-11-13T01:54:11.860Z In(05) vmx DICT installerDefaults.autoSoftwareUpdateEnabled = "yes"
2025-11-13T01:54:11.860Z In(05) vmx DICT installerDefaults.autoSoftwareUpdateEnabled.epoch = "8719"
2025-11-13T01:54:11.860Z In(05) vmx DICT installerDefaults.componentDownloadEnabled = "yes"
2025-11-13T01:54:11.860Z In(05) vmx DICT installerDefaults.dataCollectionEnabled = "no"
2025-11-13T01:54:11.861Z In(05) vmx DICT installerDefaults.dataCollectionEnabled.epoch = "8719"
2025-11-13T01:54:11.861Z In(05) vmx DICT --- GLOBAL SETTINGS C:\ProgramData\VMware\VMware Workstation\settings.ini 
2025-11-13T01:54:11.861Z In(05) vmx DICT          printers.enabled = "FALSE"
2025-11-13T01:54:11.863Z In(05) vmx Powering on guestOS 'ubuntu' using the configuration for 'ubuntu'.
2025-11-13T01:54:11.872Z In(05) vmx ToolsISO: open of C:\Program Files (x86)\VMware\VMware Workstation\isoimages_manifest.txt.sig failed: Could not find the file
2025-11-13T01:54:11.872Z In(05) vmx ToolsISO: Unable to read signature file 'C:\Program Files (x86)\VMware\VMware Workstation\isoimages_manifest.txt.sig', ignoring.
2025-11-13T01:54:11.873Z In(05) vmx ToolsISO: Updated cached value for imageName to 'linux.iso'.
2025-11-13T01:54:11.873Z In(05) vmx ToolsISO: Selected Tools ISO 'linux.iso' for 'ubuntu' guest.
2025-11-13T01:54:11.874Z In(05) vmx Vix: [mainDispatch.c:4213]: VMAutomation_ReportPowerOpFinished: statevar=1, newAppState=1873, success=1 additionalError=0
2025-11-13T01:54:11.876Z In(05) vmx DEVSWAP: GuestOS does not require LSI adapter swap.
2025-11-13T01:54:11.876Z In(05) vmx Win32U_GetFileAttributes: GetFileAttributesExW("D:\VM\BeeBox\bee-box_v1.6\bee-box\bee-box.nvram", ...) failed, error: 2
2025-11-13T01:54:11.877Z In(05) vmx Monitor Mode: CPL0
2025-11-13T01:54:11.903Z In(05) vmx OvhdMem_PowerOn: initial admission: paged   210995 nonpaged    35859 anonymous     5161
2025-11-13T01:54:11.903Z In(05) vmx VMMEM: Initial Reservation: 984MB (MainMem=1024MB)
2025-11-13T01:54:11.903Z In(05) vmx numa: Hot-add is enabled and vNUMA hot-add is disabled, forcing UMA.
2025-11-13T01:54:11.903Z In(05) vmx llc: maximum vcpus per LLC: 1
2025-11-13T01:54:11.903Z In(05) vmx llc: vLLC size: 1
2025-11-13T01:54:11.907Z In(05) vmx MemSched_PowerOn: balloon minGuestSize 52428 (80% of min required size 65536)
2025-11-13T01:54:11.908Z In(05) vmx MemSched: reserved mem (in MB) min 128 max 13786 recommended 13786
2025-11-13T01:54:11.908Z In(05) vmx MemSched: pg 210995 np 35859 anon 5161 mem 262144
2025-11-13T01:54:12.114Z In(05) vmx MemSched: numvm 1 locked pages: num 0 max 3521024
2025-11-13T01:54:12.114Z In(05) vmx MemSched: locked Page Limit: host 3949834 config 3529216
2025-11-13T01:54:12.114Z In(05) vmx MemSched: minmempct 50 minalloc 0 admitted 1
2025-11-13T01:54:12.115Z In(05) PowerNotifyThread VTHREAD 3384 "PowerNotifyThread"
2025-11-13T01:54:12.115Z In(05) PowerNotifyThread PowerNotify thread is alive.
2025-11-13T01:54:12.115Z In(05) vmx LICENSE: Running unlicensed VMX (VMware Workstation)
2025-11-13T01:54:12.116Z In(05) vthread-6304 VTHREAD 6304 "vthread-6304"
2025-11-13T01:54:12.116Z In(05) vmx Win32U_GetFileAttributes: GetFileAttributesExW("D:\VM\BeeBox\bee-box_v1.6\bee-box\bee-box.vmpl", ...) failed, error: 2
2025-11-13T01:54:12.116Z In(05) vmx PolicyVMXFindPolicyKey: policy file does not exist.
2025-11-13T01:54:12.117Z In(05) vmx Win32U_GetFileAttributes: GetFileAttributesExW("D:\VM\BeeBox\bee-box_v1.6\bee-box\bee-box.vmpl", ...) failed, error: 2
2025-11-13T01:54:12.117Z In(05) vmx PolicyVMXFindPolicyKey: policy file does not exist.
2025-11-13T01:54:12.118Z In(05) vmx Host PA size: 39 bits. Guest PA size: 40 bits.
2025-11-13T01:54:12.120Z In(05) vmx ToolsISO: Refreshing imageName for 'ubuntu' (refreshCount=1, lastCount=1).
2025-11-13T01:54:12.120Z In(05) vmx ToolsISO: open of C:\Program Files (x86)\VMware\VMware Workstation\isoimages_manifest.txt.sig failed: Could not find the file
2025-11-13T01:54:12.120Z In(05) vmx ToolsISO: Unable to read signature file 'C:\Program Files (x86)\VMware\VMware Workstation\isoimages_manifest.txt.sig', ignoring.
2025-11-13T01:54:12.121Z In(05) vmx ToolsISO: Updated cached value for imageName to 'linux.iso'.
2025-11-13T01:54:12.121Z In(05) vmx ToolsISO: Selected Tools ISO 'linux.iso' for 'ubuntu' guest.
2025-11-13T01:54:12.122Z In(05) deviceThread VTHREAD 7356 "deviceThread"
2025-11-13T01:54:12.122Z In(05) deviceThread Device thread is alive
2025-11-13T01:54:12.122Z In(05) vmx Host VT-x Capabilities:
2025-11-13T01:54:12.122Z In(05) vmx Basic VMX Information (0x00da040000000004)
2025-11-13T01:54:12.122Z In(05) vmx   VMCS revision ID                           4
2025-11-13T01:54:12.122Z In(05) vmx   VMCS region length                      1024
2025-11-13T01:54:12.122Z In(05) vmx   VMX physical-address width           natural
2025-11-13T01:54:12.122Z In(05) vmx   SMM dual-monitor mode                    yes
2025-11-13T01:54:12.122Z In(05) vmx   VMCS memory type                          WB
2025-11-13T01:54:12.122Z In(05) vmx   Advanced INS/OUTS info                   yes
2025-11-13T01:54:12.122Z In(05) vmx   True VMX MSRs                            yes
2025-11-13T01:54:12.122Z In(05) vmx   Exception Injection ignores error code    no
2025-11-13T01:54:12.122Z In(05) vmx True Pin-Based VM-Execution Controls (0x0000007f00000016)
2025-11-13T01:54:12.123Z In(05) vmx   External-interrupt exiting               {0,1}
2025-11-13T01:54:12.123Z In(05) vmx   NMI exiting                              {0,1}
2025-11-13T01:54:12.123Z In(05) vmx   Virtual NMIs                             {0,1}
2025-11-13T01:54:12.123Z In(05) vmx   Activate VMX-preemption timer            {0,1}
2025-11-13T01:54:12.123Z In(05) vmx   Process posted interrupts                { 0 }
2025-11-13T01:54:12.123Z In(05) vmx True Primary Processor-Based VM-Execution Controls (0xfff9fffe04006172)
2025-11-13T01:54:12.123Z In(05) vmx   Interrupt-window exiting                 {0,1}
2025-11-13T01:54:12.123Z In(05) vmx   Use TSC offsetting                       {0,1}
2025-11-13T01:54:12.123Z In(05) vmx   HLT exiting                              {0,1}
2025-11-13T01:54:12.123Z In(05) vmx   INVLPG exiting                           {0,1}
2025-11-13T01:54:12.123Z In(05) vmx   MWAIT exiting                            {0,1}
2025-11-13T01:54:12.123Z In(05) vmx   RDPMC exiting                            {0,1}
2025-11-13T01:54:12.123Z In(05) vmx   RDTSC exiting                            {0,1}
2025-11-13T01:54:12.123Z In(05) vmx   CR3-load exiting                         {0,1}
2025-11-13T01:54:12.123Z In(05) vmx   CR3-store exiting                        {0,1}
2025-11-13T01:54:12.123Z In(05) vmx   Activate tertiary controls               { 0 }
2025-11-13T01:54:12.123Z In(05) vmx   CR8-load exiting                         {0,1}
2025-11-13T01:54:12.123Z In(05) vmx   CR8-store exiting                        {0,1}
2025-11-13T01:54:12.123Z In(05) vmx   Use TPR shadow                           {0,1}
2025-11-13T01:54:12.123Z In(05) vmx   NMI-window exiting                       {0,1}
2025-11-13T01:54:12.123Z In(05) vmx   MOV-DR exiting                           {0,1}
2025-11-13T01:54:12.123Z In(05) vmx   Unconditional I/O exiting                {0,1}
2025-11-13T01:54:12.123Z In(05) vmx   Use I/O bitmaps                          {0,1}
2025-11-13T01:54:12.123Z In(05) vmx   Monitor trap flag                        {0,1}
2025-11-13T01:54:12.123Z In(05) vmx   Use MSR bitmaps                          {0,1}
2025-11-13T01:54:12.123Z In(05) vmx   MONITOR exiting                          {0,1}
2025-11-13T01:54:12.123Z In(05) vmx   PAUSE exiting                            {0,1}
2025-11-13T01:54:12.123Z In(05) vmx   Activate secondary controls              {0,1}
2025-11-13T01:54:12.123Z In(05) vmx Secondary Processor-Based VM-Execution Controls (0x005ffcff00000000)
2025-11-13T01:54:12.123Z In(05) vmx   Virtualize APIC accesses                 {0,1}
2025-11-13T01:54:12.123Z In(05) vmx   Enable EPT                               {0,1}
2025-11-13T01:54:12.123Z In(05) vmx   Descriptor-table exiting                 {0,1}
2025-11-13T01:54:12.123Z In(05) vmx   Enable RDTSCP                            {0,1}
2025-11-13T01:54:12.123Z In(05) vmx   Virtualize x2APIC mode                   {0,1}
2025-11-13T01:54:12.123Z In(05) vmx   Enable VPID                              {0,1}
2025-11-13T01:54:12.123Z In(05) vmx   WBINVD exiting                           {0,1}
2025-11-13T01:54:12.123Z In(05) vmx   Unrestricted guest                       {0,1}
2025-11-13T01:54:12.123Z In(05) vmx   APIC-register virtualization             { 0 }
2025-11-13T01:54:12.123Z In(05) vmx   Virtual-interrupt delivery               { 0 }
2025-11-13T01:54:12.123Z In(05) vmx   PAUSE-loop exiting                       {0,1}
2025-11-13T01:54:12.123Z In(05) vmx   RDRAND exiting                           {0,1}
2025-11-13T01:54:12.123Z In(05) vmx   Enable INVPCID                           {0,1}
2025-11-13T01:54:12.123Z In(05) vmx   Enable VM Functions                      {0,1}
2025-11-13T01:54:12.123Z In(05) vmx   Use VMCS shadowing                       {0,1}
2025-11-13T01:54:12.123Z In(05) vmx   ENCLS exiting                            {0,1}
2025-11-13T01:54:12.123Z In(05) vmx   RDSEED exiting                           {0,1}
2025-11-13T01:54:12.123Z In(05) vmx   Enable PML                               {0,1}
2025-11-13T01:54:12.123Z In(05) vmx   EPT-violation #VE                        {0,1}
2025-11-13T01:54:12.123Z In(05) vmx   Conceal VMX from PT                      {0,1}
2025-11-13T01:54:12.123Z In(05) vmx   Enable XSAVES/XRSTORS                    {0,1}
2025-11-13T01:54:12.123Z In(05) vmx   PASID translation                        { 0 }
2025-11-13T01:54:12.123Z In(05) vmx   Mode-based execute control for EPT       {0,1}
2025-11-13T01:54:12.123Z In(05) vmx   Sub-page write permissions for EPT       { 0 }
2025-11-13T01:54:12.123Z In(05) vmx   PT uses guest physical addresses         { 0 }
2025-11-13T01:54:12.123Z In(05) vmx   Use TSC scaling                          { 0 }
2025-11-13T01:54:12.123Z In(05) vmx   Enable UMWAIT and TPAUSE                 { 0 }
2025-11-13T01:54:12.123Z In(05) vmx   Enable ENCLV in VMX non-root mode        { 0 }
2025-11-13T01:54:12.123Z In(05) vmx   Enable EPC Virtualization Extensions     { 0 }
2025-11-13T01:54:12.123Z In(05) vmx   Bus lock exiting                         { 0 }
2025-11-13T01:54:12.123Z In(05) vmx   Notification VM exits                    { 0 }
2025-11-13T01:54:12.124Z In(05) vmx Tertiary Processor-Based VM-Execution Controls (0x0000000000000000)
2025-11-13T01:54:12.124Z In(05) vmx   LOADIWKEY exiting                          no
2025-11-13T01:54:12.124Z In(05) vmx   Enable HLAT                                no
2025-11-13T01:54:12.124Z In(05) vmx   Enable Paging-Write                        no
2025-11-13T01:54:12.124Z In(05) vmx   Enable Guest Paging Verification           no
2025-11-13T01:54:12.124Z In(05) vmx   Enable IPI Virtualization                  no
2025-11-13T01:54:12.124Z In(05) vmx   TD shared bit position for 5-level EPT     no
2025-11-13T01:54:12.124Z In(05) vmx   Enable RDMSRLIST/WRMSRLIST                 no
2025-11-13T01:54:12.124Z In(05) vmx   Enable Virtual MSR_SPEC_CTRL               no
2025-11-13T01:54:12.124Z In(05) vmx True VM-Exit Controls (0x01ffffff00036dfb)
2025-11-13T01:54:12.124Z In(05) vmx   Save debug controls                      {0,1}
2025-11-13T01:54:12.124Z In(05) vmx   Host address-space size                  {0,1}
2025-11-13T01:54:12.124Z In(05) vmx   Load IA32_PERF_GLOBAL_CTRL               {0,1}
2025-11-13T01:54:12.124Z In(05) vmx   Acknowledge interrupt on exit            {0,1}
2025-11-13T01:54:12.124Z In(05) vmx   Save IA32_PAT                            {0,1}
2025-11-13T01:54:12.124Z In(05) vmx   Load IA32_PAT                            {0,1}
2025-11-13T01:54:12.124Z In(05) vmx   Save IA32_EFER                           {0,1}
2025-11-13T01:54:12.124Z In(05) vmx   Load IA32_EFER                           {0,1}
2025-11-13T01:54:12.124Z In(05) vmx   Save VMX-preemption timer                {0,1}
2025-11-13T01:54:12.124Z In(05) vmx   Clear IA32_BNDCFGS                       {0,1}
2025-11-13T01:54:12.124Z In(05) vmx   Conceal VMX from processor trace         {0,1}
2025-11-13T01:54:12.124Z In(05) vmx   Clear IA32_RTIT MSR                      { 0 }
2025-11-13T01:54:12.124Z In(05) vmx   Clear IA32_LBR_CTL MSR                   { 0 }
2025-11-13T01:54:12.124Z In(05) vmx   Clear user-interrupt notification vector { 0 }
2025-11-13T01:54:12.124Z In(05) vmx   Load CET state                           { 0 }
2025-11-13T01:54:12.124Z In(05) vmx   Load PKRS                                { 0 }
2025-11-13T01:54:12.124Z In(05) vmx   Save IA32_PERF_GLOBAL_CTRL               { 0 }
2025-11-13T01:54:12.124Z In(05) vmx   Use Secondary VM-Exit Controls           { 0 }
2025-11-13T01:54:12.124Z In(05) vmx Secondary VM-Exit Controls (0x0000000000000000)
2025-11-13T01:54:12.124Z In(05) vmx   Fractured Shadow-Stack Update Reporting    no
2025-11-13T01:54:12.124Z In(05) vmx True VM-Entry Controls (0x0003ffff000011fb)
2025-11-13T01:54:12.124Z In(05) vmx   Load debug controls                      {0,1}
2025-11-13T01:54:12.124Z In(05) vmx   IA-32e mode guest                        {0,1}
2025-11-13T01:54:12.124Z In(05) vmx   Entry to SMM                             {0,1}
2025-11-13T01:54:12.124Z In(05) vmx   Deactivate dual-monitor mode             {0,1}
2025-11-13T01:54:12.124Z In(05) vmx   Load IA32_PERF_GLOBAL_CTRL               {0,1}
2025-11-13T01:54:12.124Z In(05) vmx   Load IA32_PAT                            {0,1}
2025-11-13T01:54:12.124Z In(05) vmx   Load IA32_EFER                           {0,1}
2025-11-13T01:54:12.124Z In(05) vmx   Load IA32_BNDCFGS                        {0,1}
2025-11-13T01:54:12.124Z In(05) vmx   Conceal VMX from processor trace         {0,1}
2025-11-13T01:54:12.124Z In(05) vmx   Load IA32_RTIT MSR                       { 0 }
2025-11-13T01:54:12.124Z In(05) vmx   Load user-interrupt notification vector  { 0 }
2025-11-13T01:54:12.124Z In(05) vmx   Load CET state                           { 0 }
2025-11-13T01:54:12.124Z In(05) vmx   Load IA32_LBR_CTL MSR                    { 0 }
2025-11-13T01:54:12.124Z In(05) vmx   Load PKRS                                { 0 }
2025-11-13T01:54:12.124Z In(05) vmx VPID and EPT Capabilities (0x00000f0106734141)
2025-11-13T01:54:12.124Z In(05) vmx   R=0/W=0/X=1                               yes
2025-11-13T01:54:12.124Z In(05) vmx   Page-walk length 3                        yes
2025-11-13T01:54:12.124Z In(05) vmx   EPT memory type WB                        yes
2025-11-13T01:54:12.124Z In(05) vmx   2MB super-page                            yes
2025-11-13T01:54:12.124Z In(05) vmx   1GB super-page                            yes
2025-11-13T01:54:12.124Z In(05) vmx   INVEPT support                            yes
2025-11-13T01:54:12.124Z In(05) vmx   Access & Dirty Bits                       yes
2025-11-13T01:54:12.124Z In(05) vmx   Advanced VM exit information for EPT violations   yes
2025-11-13T01:54:12.124Z In(05) vmx   Supervisor shadow-stack control            no
2025-11-13T01:54:12.124Z In(05) vmx   Type 1 INVEPT                             yes
2025-11-13T01:54:12.124Z In(05) vmx   Type 2 INVEPT                             yes
2025-11-13T01:54:12.124Z In(05) vmx   INVVPID support                           yes
2025-11-13T01:54:12.124Z In(05) vmx   Type 0 INVVPID                            yes
2025-11-13T01:54:12.124Z In(05) vmx   Type 1 INVVPID                            yes
2025-11-13T01:54:12.124Z In(05) vmx   Type 2 INVVPID                            yes
2025-11-13T01:54:12.124Z In(05) vmx   Type 3 INVVPID                            yes
2025-11-13T01:54:12.125Z In(05) vmx Miscellaneous VMX Data (0x000000007004c1e7)
2025-11-13T01:54:12.125Z In(05) vmx   TSC to preemption timer ratio      7
2025-11-13T01:54:12.125Z In(05) vmx   VM-Exit saves EFER.LMA           yes
2025-11-13T01:54:12.125Z In(05) vmx   Activity State HLT               yes
2025-11-13T01:54:12.125Z In(05) vmx   Activity State shutdown          yes
2025-11-13T01:54:12.125Z In(05) vmx   Activity State wait-for-SIPI     yes
2025-11-13T01:54:12.125Z In(05) vmx   Processor trace in VMX           yes
2025-11-13T01:54:12.125Z In(05) vmx   RDMSR SMBASE MSR in SMM          yes
2025-11-13T01:54:12.125Z In(05) vmx   CR3 targets supported              4
2025-11-13T01:54:12.125Z In(05) vmx   Maximum MSR list size            512
2025-11-13T01:54:12.125Z In(05) vmx   VMXOFF holdoff of SMIs           yes
2025-11-13T01:54:12.125Z In(05) vmx   Allow all VMWRITEs               yes
2025-11-13T01:54:12.125Z In(05) vmx   Allow zero instruction length    yes
2025-11-13T01:54:12.125Z In(05) vmx   MSEG revision ID                   0
2025-11-13T01:54:12.125Z In(05) vmx VMX-Fixed Bits in CR0 (0x0000000080000021/0x00000000ffffffff)
2025-11-13T01:54:12.125Z In(05) vmx   Fixed to 0        0xffffffff00000000
2025-11-13T01:54:12.125Z In(05) vmx   Fixed to 1        0x0000000080000021
2025-11-13T01:54:12.125Z In(05) vmx   Variable          0x000000007fffffde
2025-11-13T01:54:12.125Z In(05) vmx VMX-Fixed Bits in CR4 (0x0000000000002000/0x00000000003727ff)
2025-11-13T01:54:12.125Z In(05) vmx   Fixed to 0        0xffffffffffc8d800
2025-11-13T01:54:12.125Z In(05) vmx   Fixed to 1        0x0000000000002000
2025-11-13T01:54:12.125Z In(05) vmx   Variable          0x00000000003707ff
2025-11-13T01:54:12.125Z In(05) vmx VMCS Enumeration (0x000000000000002e)
2025-11-13T01:54:12.125Z In(05) vmx   Highest index                   0x17
2025-11-13T01:54:12.125Z In(05) vmx VM Functions (0x0000000000000001)
2025-11-13T01:54:12.125Z In(05) vmx   Function  0 (EPTP-switching) supported.
2025-11-13T01:54:12.125Z In(05) vmx Monitor_PowerOn: HostedVSMP skew tracking is disabled
2025-11-13T01:54:12.126Z In(05) vmx vmm-modules: [vmm.vmm, vmce-none.vmm, viommu-none.vmm, vprobe-none.vmm, hv-vt.vmm, gphys-ept.vmm, callstack-none.vmm, !tdxSharedVMData=0x0, !vmSamples=0x0, !theIOSpace=0x40, !ttGPPerVcpu=0x6e00, {UseUnwind}=0x0, numVCPUsAsAddr=0x1, {SharedAreaReservations}=0x6e40, {rodataSize}=0x20ee0, {textAddr}=0xfffffffffc000000, {textSize}=0x8f2a5, <MonSrcFile>]
2025-11-13T01:54:12.126Z In(05) vmx vmm-vcpus:   1
2025-11-13T01:54:12.180Z In(05) vmx KHZEstimate 2999996
2025-11-13T01:54:12.180Z In(05) vmx MHZEstimate 3000
2025-11-13T01:54:12.180Z In(05) vmx NumVCPUs 1
2025-11-13T01:54:12.183Z In(05) vmx Msg_Question:
2025-11-13T01:54:12.183Z In(05) vmx [msg.uuid.altered] This virtual machine might have been moved or copied.
2025-11-13T01:54:12.183Z In(05)+ vmx In order to configure certain management and networking features, VMware Workstation needs to know if this virtual machine was moved or copied. 
2025-11-13T01:54:12.183Z In(05)+ vmx 
2025-11-13T01:54:12.183Z In(05)+ vmx If you don't know, answer "I Co_pied It".
2025-11-13T01:54:12.183Z In(05)+ vmx 
2025-11-13T01:54:12.183Z In(05) vmx ----------------------------------------
2025-11-13T01:54:13.600Z In(05) vmx MsgQuestion: msg.uuid.altered reply=2
2025-11-13T01:54:13.600Z In(05) vmx UUID: Writing uuid.bios value: '56 4d b0 d6 9d a1 09 4f-c7 35 6a 27 79 70 b0 3e'
2025-11-13T01:54:13.600Z No(00) vmx ConfigDB: Setting uuid.bios = "56 4d b0 d6 9d a1 09 4f-c7 35 6a 27 79 70 b0 3e"
2025-11-13T01:54:13.600Z In(05) vmx UUID: Writing uuid.location value: '56 4d b0 d6 9d a1 09 4f-c7 35 6a 27 79 70 b0 3e'
2025-11-13T01:54:13.600Z No(00) vmx ConfigDB: Setting uuid.location = "56 4d b0 d6 9d a1 09 4f-c7 35 6a 27 79 70 b0 3e"
2025-11-13T01:54:13.628Z No(00) vmx PowerOnTiming: Module UUIDVMX took 1447040 us
2025-11-13T01:54:13.628Z In(05) vmx AIOGNRC: numThreads=17 ide=0, scsi=1, passthru=0
2025-11-13T01:54:13.628Z In(05) vmx WORKER: Creating new group with maxThreads=17 (17)
2025-11-13T01:54:13.632Z In(05) vmx WORKER: Creating new group with maxThreads=1 (18)
2025-11-13T01:54:13.632Z In(05) vmx MainMem: CPT Host WZ=0 PF=1024 D=0
2025-11-13T01:54:13.633Z In(05) vmx MainMem: CPT PLS=1 PLR=1 BS=1 BlkP=32 Mult=4 W=50
2025-11-13T01:54:13.635Z In(05) vmx MainMem: Opened paging file, 'D:\VM\BeeBox\bee-box_v1.6\bee-box\564db0d6-9da1-094f-c735-6a277970b03e.vmem'.
2025-11-13T01:54:13.635Z In(05) vmx MStat: Creating Stat vm.uptime
2025-11-13T01:54:13.635Z In(05) vmx MStat: Creating Stat vm.suspendTime
2025-11-13T01:54:13.635Z In(05) vmx MStat: Creating Stat vm.powerOnTimeStamp
2025-11-13T01:54:13.636Z In(05) aioCompletion VTHREAD 988 "aioCompletion"
2025-11-13T01:54:13.636Z In(05) vmx VMXAIOMGR: Using: simple=Compl
2025-11-13T01:54:13.647Z In(05) vmx WORKER: Creating new group with maxThreads=1 (19)
2025-11-13T01:54:13.660Z In(05) vmx WORKER: Creating new group with maxThreads=1 (20)
2025-11-13T01:54:13.660Z In(05) vmx WORKER: Creating new group with maxThreads=14 (34)
2025-11-13T01:54:13.661Z In(05) vmx FeatureCompat: No VM masks.
2025-11-13T01:54:13.661Z In(05) vmx TimeTracker host to guest rate conversion 5894713920 @ 2999996000Hz -> 0 @ 2999996000Hz
2025-11-13T01:54:13.661Z In(05) vmx TimeTracker host to guest rate conversion ((x * 2147483648) >> 31) + -5894713920
2025-11-13T01:54:13.661Z In(05) vmx Disabling TSC scaling since host does not support it.
2025-11-13T01:54:13.661Z In(05) vmx TSC offsetting enabled.
2025-11-13T01:54:13.661Z In(05) vmx timeTracker.globalProgressMaxAllowanceMS: 2000
2025-11-13T01:54:13.661Z In(05) vmx timeTracker.globalProgressToAllowanceNS: 1000
2025-11-13T01:54:13.661Z In(05) vmx MKS PowerOn
2025-11-13T01:54:13.664Z In(05) mks VTHREAD 796 "mks"
2025-11-13T01:54:13.664Z In(05) mks MKS thread is alive
2025-11-13T01:54:13.664Z In(05) svga VTHREAD 1628 "svga"
2025-11-13T01:54:13.664Z In(05) svga SVGA thread is alive
2025-11-13T01:54:13.665Z In(05) mks MKS: SSE2=1, SSSE3=1, SSE4_1=1
2025-11-13T01:54:13.666Z In(05) mouse VTHREAD 2640 "mouse"
2025-11-13T01:54:13.666Z In(05) mks MKS-HookKeyboard: RegQueryValueEx(LowLevelHooksTimeout) failed: The system cannot find the file specified (2)
2025-11-13T01:54:13.666Z In(05) kbh VTHREAD 8268 "kbh"
2025-11-13T01:54:13.670Z In(05) mks MKSWin32: Registering top level window (0x509b4) to receive session change notification.
2025-11-13T01:54:13.671Z In(05) mks MKSWin32: Disabled power throttling.
2025-11-13T01:54:13.672Z In(05) mks Current Display Settings:
2025-11-13T01:54:13.672Z In(05) mks    Display: 0 size: 1920x1080  position: (0, 0) name: \\.\DISPLAY1  
2025-11-13T01:54:13.673Z In(05) mks MKSWin32: MIL: 0x4000
2025-11-13T01:54:13.673Z In(05) mks MKSRenderMain: PowerOn allowed BasicOps 
2025-11-13T01:54:13.673Z In(05) mks MKSRenderMain: ISB enabled by config
2025-11-13T01:54:13.673Z In(05) mks MKSRenderMain: Collecting RenderOps caps from BasicOps
2025-11-13T01:54:13.673Z In(05) mks MKSRenderMain: Starting BasicOps
2025-11-13T01:54:13.673Z In(05) mks MKSRenderMain: Started BasicOps
2025-11-13T01:54:13.673Z In(05) mks MKSRenderMain: Found Full Renderer: MKSBasicOps
2025-11-13T01:54:13.673Z In(05) mks MKSRenderMain: maxTextureSize=32768
2025-11-13T01:54:13.675Z In(05) mks KHBKL: Unable to parse keystring at: ''
2025-11-13T01:54:13.676Z In(05) mks MKSRemoteMgr: Set default display name: bee-box v1.6
2025-11-13T01:54:13.676Z In(05) mks MKSRemoteMgr: Loading VNC Configuration from VM config file
2025-11-13T01:54:13.676Z In(05) mks MKSRemoteMgr: Using default VNC keymap table "us"
2025-11-13T01:54:13.676Z In(05) vmx VLANCE: send cluster threshold is 80, size = 2 recalcInterval is 20000 us
2025-11-13T01:54:13.676Z In(05) vmx VMXNET: send cluster threshold is 80, size = 2 recalcInterval is 20000 ticks, dontClusterSize is 128
2025-11-13T01:54:13.678Z In(05) vmx Chipset version: 0x17
2025-11-13T01:54:13.682Z In(05) vmx SOUNDLIB: Creating the Wave sound backend.
2025-11-13T01:54:13.690Z No(00) vmx ConfigDB: Setting pciBridge4.pciSlotNumber = "-1"
2025-11-13T01:54:13.690Z No(00) vmx ConfigDB: Setting pciBridge5.pciSlotNumber = "-1"
2025-11-13T01:54:13.690Z No(00) vmx ConfigDB: Setting pciBridge6.pciSlotNumber = "-1"
2025-11-13T01:54:13.690Z No(00) vmx ConfigDB: Setting pciBridge7.pciSlotNumber = "-1"
2025-11-13T01:54:13.690Z No(00) vmx ConfigDB: Setting pciBridge4.pciSlotNumber = "21"
2025-11-13T01:54:13.690Z No(00) vmx ConfigDB: Setting pciBridge5.pciSlotNumber = "22"
2025-11-13T01:54:13.690Z No(00) vmx ConfigDB: Setting pciBridge6.pciSlotNumber = "23"
2025-11-13T01:54:13.690Z No(00) vmx ConfigDB: Setting pciBridge7.pciSlotNumber = "24"
2025-11-13T01:54:13.793Z In(05) vmx MigrateBusMemPrealloc: BusMem preallocation begins.
2025-11-13T01:54:13.793Z In(05) vmx MigrateBusMemPrealloc: BusMem preallocation completes.
2025-11-13T01:54:13.794Z No(00) vmx ConfigDB: Setting scsi0:0.redo = ""
2025-11-13T01:54:13.794Z In(05) vmx DISK: OPEN scsi0:0 'D:\VM\BeeBox\bee-box_v1.6\bee-box\bee-box.vmdk' persistent R[]
2025-11-13T01:54:13.798Z In(05) vmx DISKLIB-DSCPTR: DescriptorOpenGetLine: Unrecognized ddb entry. ID='isNativeSnapshot' Val='no'
2025-11-13T01:54:13.830Z In(05) vmx DiskGetGeometry: Reading of disk partition table
2025-11-13T01:54:13.830Z In(05) vmx DISK: Disk 'D:\VM\BeeBox\bee-box_v1.6\bee-box\bee-box.vmdk' has UUID '60 00 c2 91 63 ab f5 c5-a0 28 4b a8 45 0b 8d 34'
2025-11-13T01:54:13.830Z In(05) vmx DISK: OPEN 'D:\VM\BeeBox\bee-box_v1.6\bee-box\bee-box.vmdk' Geo (2610/255/63) BIOS Geo (2610/255/63)
2025-11-13T01:54:13.830Z In(05) vmx DISKLIB-DSCPTR: DescriptorOpenGetLine: Unrecognized ddb entry. ID='isNativeSnapshot' Val='no'
2025-11-13T01:54:13.838Z In(05) vmx DISKUTILWIN32: DiskUtilW32IsATASSDDevice: Reported rotation rate = 7200
2025-11-13T01:54:13.838Z In(05) vmx DISK: Opening disks took 44 ms.
2025-11-13T01:54:13.839Z In(05) vmx USBArbLib: USBArbLib initialized successfully, retryIntervalStart(5), retryIntervalMax(120), arbSocketName(\\.\pipe\vmware-usbarbpipe), useLocking(yes), tryUpgrading(no).
2025-11-13T01:54:13.839Z In(05) vmx UsbEnum: Initializing UsbEnum library, disableLocking(no), allowBootableHid(yes).
2025-11-13T01:54:13.839Z In(05) vmx USB: Initializing 'Virtual Hub' backend
2025-11-13T01:54:13.840Z In(05) vmx USB: Initializing 'Generic' backend
2025-11-13T01:54:13.840Z Wa(03) vmx USBArbLib: OUT SET_AUTO_CONNECT: Not connected to arbitrator, autoconnect(0) for client 'bee-box v1.6', connectState(1).
2025-11-13T01:54:13.840Z In(05) vmx USB: Initializing 'Virtual HID' backend
2025-11-13T01:54:13.840Z In(05) sensorThread VTHREAD 3428 "sensorThread"
2025-11-13T01:54:13.840Z In(05) vmx USB: Initializing 'Remote Device' backend
2025-11-13T01:54:13.841Z In(05) vmx RemoteUSBVMX: Retrieved hostId [70 85 c2 68 64 5f 00 00-00 00 00 00 00 00 00 00].
2025-11-13T01:54:13.841Z In(05) vmx RemoteUSBVMX: Protocol version min:15 current:19
2025-11-13T01:54:13.841Z In(05) vmx RemoteUSBVMX: no delay setting is TRUE.
2025-11-13T01:54:13.841Z In(05) vmx USB: Initializing 'Virtual Mass Storage' backend
2025-11-13T01:54:13.841Z In(05) vmx USB: Initializing 'Virtual CCID' backend
2025-11-13T01:54:13.845Z In(05) vmx USB-CCID: Could not establish context: SCARD_E_NO_SERVICE(0x8010001d).
2025-11-13T01:54:13.845Z In(05) vmx USB-CCID: Could not establish context: SCARD_E_NO_SERVICE(0x8010001d).
2025-11-13T01:54:13.857Z In(05) usbCCIDEnumCards VTHREAD 3228 "usbCCIDEnumCards"
2025-11-13T01:54:13.857Z In(05) usbCCIDEnumCards USB-CCID: Card enum thread created.
2025-11-13T01:54:13.857Z In(05) vmx USB: Initializing 'Virtual Video' backend
2025-11-13T01:54:13.865Z In(05) vmx Win32U_GetFileAttributes: GetFileAttributesExW("D:\VM\BeeBox\bee-box_v1.6\bee-box\bee-box.nvram", ...) failed, error: 2
2025-11-13T01:54:13.866Z Wa(03) vmx USBGW: IOCTL_STORAGE_QUERY_PROPERTY failed. Error(0x0): The operation completed successfully.
2025-11-13T01:54:13.866Z In(05) vmx USBGW: Skipping disk backing for path(D:\VM\BeeBox\bee-box_v1.6\bee-box\bee-box.vmx).
2025-11-13T01:54:13.867Z Wa(03) vmx USBGW: IOCTL_STORAGE_QUERY_PROPERTY failed. Error(0x0): The operation completed successfully.
2025-11-13T01:54:13.867Z In(05) vmx USBGW: Skipping disk backing for path(D:\VM\BeeBox\bee-box_v1.6\bee-box\bee-box.vmdk).
2025-11-13T01:54:13.867Z Wa(03) vmx USBGW: IOCTL_STORAGE_QUERY_PROPERTY failed. Error(0x0): The operation completed successfully.
2025-11-13T01:54:13.867Z In(05) vmx USBGW: Skipping disk backing for path(D:\VM\BeeBox\bee-box_v1.6\bee-box\bee-box.vmsd).
2025-11-13T01:54:13.868Z In(05) vmx OBJLIB-FILEBE : FileBEOpen: can't open 'bee-box.nvram' : Could not find the file (393218).
2025-11-13T01:54:13.868Z In(05) usbCCIDEnumCards USB-CCID: Could not establish context: SCARD_E_NO_SERVICE(0x8010001d).
2025-11-13T01:54:13.868Z In(05) vmx OBJLIB-FILEBE : FileBEOpen: can't open 'bee-box.nvram' : Could not find the file (393218).
2025-11-13T01:54:13.868Z Wa(03) vmx NVRAMMGR: No valid NVRAM file found, will create default NVRAM.
2025-11-13T01:54:13.874Z In(05) vmx SCSI: scsi0: intr coalescing: on period=50msec cifTh=4 iopsTh=2000 hlt=0
2025-11-13T01:54:13.874Z In(05) vmx SCSI0: UNTAGGED commands will be converted to ORDER tags.
2025-11-13T01:54:13.875Z In(05) vmx SCSI DEVICE (scsi0:0): Computed value of scsi0:0.useBounceBuffers: default
2025-11-13T01:54:13.875Z In(05) vmx DISKUTIL: scsi0:0 : capacity=41943040 logical sector size=512
2025-11-13T01:54:13.875Z In(05) vmx DISKUTIL: scsi0:0 : geometry=2610/255/63
2025-11-13T01:54:13.876Z In(05) vmx SVGA-GFB: Config settings: autodetect=1, numDisplays=1, maxWidth=2560, maxHeight=1600
2025-11-13T01:54:13.876Z In(05) vmx SVGA-GFB: Desired maximum display topology: wh(6688, 5016)
2025-11-13T01:54:13.876Z In(05) vmx SVGA-GFB: Autodetected target gfbSize = 268435456
2025-11-13T01:54:13.876Z In(05) vmx SVGA-GFB: Using Initial       gfbSize = 134217728
2025-11-13T01:54:13.876Z In(05) vmx SVGA-GFB: Max wh(6688, 5016), number of displays: 10
2025-11-13T01:54:13.876Z In(05) vmx SVGA-GFB: Allocated gfbSize=134217728
2025-11-13T01:54:13.876Z No(00) vmx ConfigDB: Setting svga.vramSize = "134217728"
2025-11-13T01:54:13.876Z No(00) vmx ConfigDB: Setting vmotion.checkpointFBSize = "134217728"
2025-11-13T01:54:13.876Z In(05) vmx SVGA: SVGA DeviceLabel: svga2
2025-11-13T01:54:13.876Z In(05) vmx SVGA: surfaceMemoryLimitKB=786432
2025-11-13T01:54:13.876Z In(05) vmx SVGA: FIFO capabilities 0x0000077f
2025-11-13T01:54:13.876Z In(05) vmx SVGAFeature renderer (before clamping) svga.supports3D bool 0
2025-11-13T01:54:13.876Z In(05) vmx SVGAFeature renderer (before clamping) svga.baseCapsLevel num 11
2025-11-13T01:54:13.876Z In(05) vmx SVGAFeature renderer (before clamping) svga.maxPointSize num 0
2025-11-13T01:54:13.876Z In(05) vmx SVGAFeature renderer (before clamping) svga.maxTextureSize num 32768
2025-11-13T01:54:13.876Z In(05) vmx SVGAFeature renderer (before clamping) svga.maxVolumeExtent num 0
2025-11-13T01:54:13.876Z In(05) vmx SVGAFeature renderer (before clamping) svga.maxTextureAnisotropy num 0
2025-11-13T01:54:13.876Z In(05) vmx SVGAFeature renderer (before clamping) svga.lineStipple bool 0
2025-11-13T01:54:13.876Z In(05) vmx SVGAFeature renderer (before clamping) svga.dxMaxConstantBuffers num 0
2025-11-13T01:54:13.876Z In(05) vmx SVGAFeature renderer (before clamping) svga.dxProvokingVertex bool 0
2025-11-13T01:54:13.876Z In(05) vmx SVGAFeature renderer (before clamping) svga.sm41 bool 0
2025-11-13T01:54:13.877Z In(05) vmx SVGAFeature renderer (before clamping) svga.multisample2x bool 0
2025-11-13T01:54:13.877Z In(05) vmx SVGAFeature renderer (before clamping) svga.multisample4x bool 0
2025-11-13T01:54:13.877Z In(05) vmx SVGAFeature renderer (before clamping) svga.msFullQuality bool 0
2025-11-13T01:54:13.877Z In(05) vmx SVGAFeature renderer (before clamping) svga.logicOps bool 0
2025-11-13T01:54:13.877Z In(05) vmx SVGAFeature renderer (before clamping) svga.bc67 num 0
2025-11-13T01:54:13.877Z In(05) vmx SVGAFeature renderer (before clamping) svga.sm5 bool 0
2025-11-13T01:54:13.877Z In(05) vmx SVGAFeature renderer (before clamping) svga.multisample8x bool 0
2025-11-13T01:54:13.877Z In(05) vmx SVGAFeature renderer (before clamping) svga.logicBlendOps bool 0
2025-11-13T01:54:13.877Z In(05) vmx SVGAFeature renderer (before clamping) svga.maxForcedSampleCount num 0
2025-11-13T01:54:13.877Z In(05) vmx SVGAFeature renderer (before clamping) svga.gl43 bool 0
2025-11-13T01:54:13.878Z In(05) vmx SVGAFeature renderer (after  clamping) svga.supports3D bool 0
2025-11-13T01:54:13.878Z In(05) vmx SVGAFeature renderer (after  clamping) svga.baseCapsLevel num 0
2025-11-13T01:54:13.878Z In(05) vmx SVGAFeature renderer (after  clamping) svga.maxPointSize num 0
2025-11-13T01:54:13.878Z In(05) vmx SVGAFeature renderer (after  clamping) svga.maxTextureSize num 0
2025-11-13T01:54:13.878Z In(05) vmx SVGAFeature renderer (after  clamping) svga.maxVolumeExtent num 0
2025-11-13T01:54:13.878Z In(05) vmx SVGAFeature renderer (after  clamping) svga.maxTextureAnisotropy num 0
2025-11-13T01:54:13.878Z In(05) vmx SVGAFeature renderer (after  clamping) svga.lineStipple bool 0
2025-11-13T01:54:13.878Z In(05) vmx SVGAFeature renderer (after  clamping) svga.dxMaxConstantBuffers num 0
2025-11-13T01:54:13.878Z In(05) vmx SVGAFeature renderer (after  clamping) svga.dxProvokingVertex bool 0
2025-11-13T01:54:13.878Z In(05) vmx SVGAFeature renderer (after  clamping) svga.sm41 bool 0
2025-11-13T01:54:13.878Z In(05) vmx SVGAFeature renderer (after  clamping) svga.multisample2x bool 0
2025-11-13T01:54:13.878Z In(05) vmx SVGAFeature renderer (after  clamping) svga.multisample4x bool 0
2025-11-13T01:54:13.878Z In(05) vmx SVGAFeature renderer (after  clamping) svga.msFullQuality bool 0
2025-11-13T01:54:13.878Z In(05) vmx SVGAFeature renderer (after  clamping) svga.logicOps bool 0
2025-11-13T01:54:13.878Z In(05) vmx SVGAFeature renderer (after  clamping) svga.bc67 num 0
2025-11-13T01:54:13.878Z In(05) vmx SVGAFeature renderer (after  clamping) svga.sm5 bool 0
2025-11-13T01:54:13.878Z In(05) vmx SVGAFeature renderer (after  clamping) svga.multisample8x bool 0
2025-11-13T01:54:13.878Z In(05) vmx SVGAFeature renderer (after  clamping) svga.logicBlendOps bool 0
2025-11-13T01:54:13.878Z In(05) vmx SVGAFeature renderer (after  clamping) svga.maxForcedSampleCount num 0
2025-11-13T01:54:13.878Z In(05) vmx SVGAFeature renderer (after  clamping) svga.gl43 bool 0
2025-11-13T01:54:13.878Z In(05) vmx SVGA3dClamp: Renderer Provides     BC67Level:     0 (    0,     0)
2025-11-13T01:54:13.878Z In(05) vmx SVGA3dClamp: Renderer Provides BaseCapsLevel:     0 (    0,     0)
2025-11-13T01:54:13.878Z In(05) vmx SVGA3dClamp: Renderer Provides    ClampLevel:     0 (    0,     0)
2025-11-13T01:54:13.878Z In(05) vmx SVGA3dCaps: host, at power on (3d disabled)
2025-11-13T01:54:13.878Z In(05) vmx SVGA3dClamp:     Host Provides     BC67Level:     0 (    0,     0)
2025-11-13T01:54:13.878Z In(05) vmx SVGA3dClamp:     Host Provides BaseCapsLevel:     0 (    0,     0)
2025-11-13T01:54:13.878Z In(05) vmx SVGA3dClamp:     Host Provides    ClampLevel:     0 (    0,     0)
2025-11-13T01:54:13.878Z In(05) vmx SVGA3dCaps: Disabling 3d support
2025-11-13T01:54:13.878Z In(05) vmx SVGA3dCaps: guest, compatibility level: 8
2025-11-13T01:54:13.878Z In(05) vmx SVGA3dClamp:    Guest Requires     BC67Level:     0 (    0,     0)
2025-11-13T01:54:13.878Z In(05) vmx SVGA3dClamp:    Guest Requires BaseCapsLevel:     0 (    0,     0)
2025-11-13T01:54:13.878Z In(05) vmx SVGA3dClamp:    Guest Requires    ClampLevel:     0 (    0,     0)
2025-11-13T01:54:13.880Z In(05) vmx USB: Initializing 'UHCI' host controller.
2025-11-13T01:54:13.880Z In(05) vmx USB: PowerOnCreateDevice 'usb:0' #0, found port 2018ADAEFE0.
2025-11-13T01:54:13.880Z No(00) vmx ConfigDB: Setting usb:0.present = "TRUE"
2025-11-13T01:54:13.880Z No(00) vmx ConfigDB: Setting usb:0.deviceType = "hid"
2025-11-13T01:54:13.880Z No(00) vmx ConfigDB: Setting usb:0.port = "0"
2025-11-13T01:54:13.880Z No(00) vmx ConfigDB: Setting usb:0.parent = "-1"
2025-11-13T01:54:13.954Z In(05) vmx USB: PowerOnCreateDevice 'usb:1' #1, found port 2018ADAF018.
2025-11-13T01:54:13.954Z No(00) vmx ConfigDB: Setting usb:1.speed = "2"
2025-11-13T01:54:13.956Z No(00) vmx ConfigDB: Setting ethernet0.generatedAddress = "00:0c:29:70:b0:3e"
2025-11-13T01:54:13.956Z No(00) vmx ConfigDB: Setting ethernet0.generatedAddressOffset = "0"
2025-11-13T01:54:13.956Z In(05) vmx Ethernet0 MAC Address: 00:0c:29:70:b0:3e
2025-11-13T01:54:14.007Z In(05) vmx USB: Initializing 'EHCI' host controller.
2025-11-13T01:54:14.008Z No(00) vmx ConfigDB: Setting vmci0.id = "-912055356"
2025-11-13T01:54:14.021Z In(05) vmx WORKER: Creating new group with maxThreads=1 (35)
2025-11-13T01:54:14.022Z In(05) vmx DISKUTIL: scsi0:0 : max toolsVersion = 8453, type = 0
2025-11-13T01:54:14.022Z In(05) vmx TOOLS setting legacy tools version to '8453' type 0, manifest status is 9
2025-11-13T01:54:14.022Z In(05) worker-6304 ToolsISO: Refreshing imageName for 'ubuntu' (refreshCount=1, lastCount=1).
2025-11-13T01:54:14.023Z In(05) worker-6304 ToolsISO: open of C:\Program Files (x86)\VMware\VMware Workstation\isoimages_manifest.txt.sig failed: Could not find the file
2025-11-13T01:54:14.023Z In(05) worker-6304 ToolsISO: Unable to read signature file 'C:\Program Files (x86)\VMware\VMware Workstation\isoimages_manifest.txt.sig', ignoring.
2025-11-13T01:54:14.023Z In(05) vmx TOOLS INSTALL initializing state to IDLE on power on.
2025-11-13T01:54:14.023Z In(05) vmx TOOLS INSTALL updating Rpc handlers registration.
2025-11-13T01:54:14.023Z In(05) vmx TOOLS INSTALL register RPC: upgrader.setGuestFileRoot
2025-11-13T01:54:14.023Z In(05) vmx TOOLS INSTALL register RPC: toolinstall.is_image_inserted
2025-11-13T01:54:14.023Z In(05) vmx TOOLS INSTALL register RPC: toolinstall.installerActive
2025-11-13T01:54:14.023Z In(05) vmx TOOLS INSTALL register RPC: guest.upgrader_send_cmd_line_args
2025-11-13T01:54:14.024Z In(05) worker-6304 ToolsISO: Updated cached value for imageName to 'linux.iso'.
2025-11-13T01:54:14.024Z In(05) vmx P9FS_PowerOn: 9PFS server is not enabled.
2025-11-13T01:54:14.024Z In(05) vmx HgfsServerManagerVigorInit: Initialize: dev api
2025-11-13T01:54:14.024Z In(05) worker-6304 ToolsISO: Selected Tools ISO 'linux.iso' for 'ubuntu' guest.
2025-11-13T01:54:14.024Z In(05) worker-6304 GetHostManifests: Extracting C:\Users\TJ\AppData\Local\Temp\vmware-TJ\manifest.txt.6304.iso.shipped manifest file.
2025-11-13T01:54:14.024Z In(05) worker-6304 ToolsISO: Failed to open Tools ISO C:\Program Files (x86)\VMware\VMware Workstation\linux.iso (FileIOResult=6).
2025-11-13T01:54:14.024Z In(05) worker-6304 Error getting host tools manifest files.
2025-11-13T01:54:14.024Z In(05) vmx MKSBackdoor: Copy/paste enabled = 1
2025-11-13T01:54:14.024Z In(05) vmx DEPLOYPKG: No pending deploy package name set
2025-11-13T01:54:14.025Z In(05) vmx DEPLOYPKG: ToolsDeployPkgPublishState: state=0, code=0, message=(null)
2025-11-13T01:54:14.025Z In(05) worker-6304 ToolsISO: Refreshing imageName for 'ubuntu' (refreshCount=1, lastCount=1).
2025-11-13T01:54:14.025Z In(05) worker-6304 ToolsISO: open of C:\Program Files (x86)\VMware\VMware Workstation\isoimages_manifest.txt.sig failed: Could not find the file
2025-11-13T01:54:14.025Z In(05) worker-6304 ToolsISO: Unable to read signature file 'C:\Program Files (x86)\VMware\VMware Workstation\isoimages_manifest.txt.sig', ignoring.
2025-11-13T01:54:14.026Z In(05) worker-6304 ToolsISO: Updated cached value for imageName to 'linux.iso'.
2025-11-13T01:54:14.026Z In(05) worker-6304 ToolsISO: Selected Tools ISO 'linux.iso' for 'ubuntu' guest.
2025-11-13T01:54:14.026Z In(05) worker-6304 GetHostManifests: Extracting C:\Users\TJ\AppData\Local\Temp\vmware-TJ\manifest.txt.6304.iso.shipped manifest file.
2025-11-13T01:54:14.026Z In(05) worker-6304 ToolsISO: Failed to open Tools ISO C:\Program Files (x86)\VMware\VMware Workstation\linux.iso (FileIOResult=6).
2025-11-13T01:54:14.026Z In(05) worker-6304 Error getting host tools manifest files.
2025-11-13T01:54:14.026Z In(05) worker-6304 Using ToolsMinVersion = 8384
2025-11-13T01:54:14.026Z In(05) worker-6304 Using ToolsMaxVersion = 12421
2025-11-13T01:54:14.026Z In(05) worker-6304 ToolsVersionGetStatusWorkerThread: Tools status 2 derived from environment
2025-11-13T01:54:14.037Z In(05) vmx MonPmc: ctrBase 0x4c1 selBase 0x186/1 PGC 1/1 SMM 1 drain 0 AMD 0
2025-11-13T01:54:14.037Z In(05)+ vmx MonPmc:   gen counters num: 8 width 48 write width 48
2025-11-13T01:54:14.037Z In(05)+ vmx MonPmc:   fix counters num: 3 width 48; version 4
2025-11-13T01:54:14.037Z In(05)+ vmx MonPmc:   unavailable counters: 0
2025-11-13T01:54:14.079Z No(00) vmx ConfigDB: Setting monitor.phys_bits_used = "40"
2025-11-13T01:54:14.126Z In(05) vmx Full guest CPUID with differences from hostCPUID highlighted.
2025-11-13T01:54:14.126Z In(05) vmx guest vs. host CPUID guest vendor: GenuineIntel
2025-11-13T01:54:14.126Z In(05) vmx guest vs. host CPUID guest family: 0x6 model: 0x9e stepping: 0x9
2025-11-13T01:54:14.126Z In(05) vmx guest vs. host CPUID guest codename: Kaby Lake-S/H QS
2025-11-13T01:54:14.126Z In(05) vmx guest vs. host CPUID guest name: Intel(R) Core(TM) i5-7400 CPU @ 3.00GHz
2025-11-13T01:54:14.126Z In(05) vmx guest vs. host CPUID       level eaxIn, ecxIn:        eax        ebx        ecx        edx
2025-11-13T01:54:14.126Z In(05) vmx guest vs. host CPUID guest level 00000000,  0: 0x00000016 0x756e6547 0x6c65746e 0x49656e69
2025-11-13T01:54:14.126Z In(05) vmx guest vs. host CPUID guest level 00000001,  0: 0x000906e9 0x00010800 0x96d83203 0x0f8bfbff
2025-11-13T01:54:14.126Z In(05) vmx guest vs. host CPUID *host level 00000001,  0: 0x000906e9 0x00100800 0x7ffafbbf 0xbfebfbff
2025-11-13T01:54:14.126Z In(05) vmx guest vs. host CPUID guest level 00000002,  0: 0x76036301 0x00f0b6ff 0x00000000 0x00c30000
2025-11-13T01:54:14.126Z In(05) vmx guest vs. host CPUID guest level 00000004,  0: 0x00000121 0x01c0003f 0x0000003f 0x00000000
2025-11-13T01:54:14.126Z In(05) vmx guest vs. host CPUID *host level 00000004,  0: 0x1c004121 0x01c0003f 0x0000003f 0x00000000
2025-11-13T01:54:14.126Z In(05) vmx guest vs. host CPUID guest level 00000004,  1: 0x00000122 0x01c0003f 0x0000003f 0x00000000
2025-11-13T01:54:14.126Z In(05) vmx guest vs. host CPUID *host level 00000004,  1: 0x1c004122 0x01c0003f 0x0000003f 0x00000000
2025-11-13T01:54:14.126Z In(05) vmx guest vs. host CPUID guest level 00000004,  2: 0x00000143 0x00c0003f 0x000003ff 0x00000000
2025-11-13T01:54:14.126Z In(05) vmx guest vs. host CPUID *host level 00000004,  2: 0x1c004143 0x00c0003f 0x000003ff 0x00000000
2025-11-13T01:54:14.126Z In(05) vmx guest vs. host CPUID guest level 00000004,  3: 0x00000163 0x02c0003f 0x00001fff 0x00000006
2025-11-13T01:54:14.126Z In(05) vmx guest vs. host CPUID *host level 00000004,  3: 0x1c03c163 0x02c0003f 0x00001fff 0x00000006
2025-11-13T01:54:14.126Z In(05) vmx guest vs. host CPUID guest level 00000006,  0: 0x00000004 0x00000000 0x00000000 0x00000000
2025-11-13T01:54:14.126Z In(05) vmx guest vs. host CPUID *host level 00000006,  0: 0x000027f7 0x00000002 0x00000009 0x00000000
2025-11-13T01:54:14.126Z In(05) vmx guest vs. host CPUID guest level 00000007,  0: 0x00000000 0x00000000 0x00000000 0x00000000
2025-11-13T01:54:14.126Z In(05) vmx guest vs. host CPUID *host level 00000007,  0: 0x00000000 0x029c67af 0x00000000 0x9c002400
2025-11-13T01:54:14.126Z In(05) vmx guest vs. host CPUID guest level 0000000a,  0: 0x07300801 0x000000ff 0x00000000 0x00000000
2025-11-13T01:54:14.126Z In(05) vmx guest vs. host CPUID *host level 0000000a,  0: 0x07300804 0x00000000 0x00000000 0x00000603
2025-11-13T01:54:14.126Z In(05) vmx guest vs. host CPUID guest level 0000000d,  0: 0x00000007 0x00000340 0x00000340 0x00000000
2025-11-13T01:54:14.126Z In(05) vmx guest vs. host CPUID *host level 0000000d,  0: 0x0000001f 0x00000440 0x00000440 0x00000000
2025-11-13T01:54:14.126Z In(05) vmx guest vs. host CPUID guest level 0000000d,  1: 0x00000000 0x00000000 0x00000000 0x00000000
2025-11-13T01:54:14.126Z In(05) vmx guest vs. host CPUID *host level 0000000d,  1: 0x0000000f 0x00000440 0x00000100 0x00000000
2025-11-13T01:54:14.126Z In(05) vmx guest vs. host CPUID guest level 0000000d,  2: 0x00000100 0x00000240 0x00000000 0x00000000
2025-11-13T01:54:14.126Z In(05) vmx guest vs. host CPUID guest level 40000000,  0: 0x40000010 0x61774d56 0x4d566572 0x65726177
2025-11-13T01:54:14.126Z In(05) vmx guest vs. host CPUID guest level 40000010,  0: 0x002dc6bc 0x000101d0 0x00000000 0x00000000
2025-11-13T01:54:14.126Z In(05) vmx guest vs. host CPUID guest level 80000000,  0: 0x80000008 0x00000000 0x00000000 0x00000000
2025-11-13T01:54:14.126Z In(05) vmx guest vs. host CPUID guest level 80000001,  0: 0x00000000 0x00000000 0x00000101 0x28100800
2025-11-13T01:54:14.126Z In(05) vmx guest vs. host CPUID *host level 80000001,  0: 0x00000000 0x00000000 0x00000121 0x2c100800
2025-11-13T01:54:14.126Z In(05) vmx guest vs. host CPUID guest level 80000002,  0: 0x65746e49 0x2952286c 0x726f4320 0x4d542865
2025-11-13T01:54:14.126Z In(05) vmx guest vs. host CPUID guest level 80000003,  0: 0x35692029 0x3034372d 0x50432030 0x20402055
2025-11-13T01:54:14.126Z In(05) vmx guest vs. host CPUID guest level 80000004,  0: 0x30302e33 0x007a4847 0x00000000 0x00000000
2025-11-13T01:54:14.126Z In(05) vmx guest vs. host CPUID guest level 80000006,  0: 0x00000000 0x00000000 0x01006040 0x00000000
2025-11-13T01:54:14.126Z In(05) vmx guest vs. host CPUID guest level 80000007,  0: 0x00000000 0x00000000 0x00000000 0x00000100
2025-11-13T01:54:14.126Z In(05) vmx guest vs. host CPUID guest level 80000008,  0: 0x00003028 0x00000000 0x00000000 0x00000000
2025-11-13T01:54:14.126Z In(05) vmx guest vs. host CPUID *host level 80000008,  0: 0x00003027 0x00000000 0x00000000 0x00000000
2025-11-13T01:54:14.126Z In(05) vmx Minimum ucode level: 0x000000b4
2025-11-13T01:54:14.127Z In(05) vmx VPMC: events will use hybrid freeze.
2025-11-13T01:54:14.127Z In(05) vmx VPMC: gen counters: num 8 mask 0xffffffffffff
2025-11-13T01:54:14.127Z In(05) vmx VPMC: fix counters: num 0 mask 0; version 1
2025-11-13T01:54:14.127Z In(05) vmx VPMC: hardware counters: 0
2025-11-13T01:54:14.127Z In(05) vmx Guest MSR IA32_ARCH_CAPABILITIES 0x10a = 0x4
2025-11-13T01:54:14.128Z In(05) vmx SVGA-PCI: BAR gfbSize=134217728, fifoSize=8388608
2025-11-13T01:54:14.128Z In(05) vmx SVGA: SVGA_REG_MEMORY_SIZE=939524096
2025-11-13T01:54:14.128Z In(05) vmx SVGA: SVGA_REG_VRAM_SIZE=134217728
2025-11-13T01:54:14.128Z In(05) vmx SVGA: Final Device caps : 0x00ff83e2
2025-11-13T01:54:14.128Z In(05) vmx SVGA: Final Device caps2: 0x00000000
2025-11-13T01:54:14.128Z In(05) vmx BusMemSampleSetUpStats: touched: initPct 75 pages 196608 : dirtied: initPct 75 pages 196608
2025-11-13T01:54:14.128Z In(05) vmx MemSched: caller 0 numvm 1 locked pages: num 1050 max 3521024
2025-11-13T01:54:14.128Z In(05) vmx MemSched: locked Page Limit: host 3949785 config 3529216
2025-11-13T01:54:14.128Z In(05) vmx MemSched: minmempct 50  timestamp 44908
2025-11-13T01:54:14.128Z In(05) vmx MemSched: VM 0 min 172092 max 303164 shares 262144 paged 210995 nonpaged 35859 anonymous 5161 locked 1050 touchedPct 75 dirtiedPct 75 timestamp 44908 vmResponsive is 1
2025-11-13T01:54:14.128Z In(05) vmx MemSched: locked 1050 target 303164 balloon 0 0 0 swapped 0 0 allocd 0 512 state 0 100
2025-11-13T01:54:14.128Z In(05) vmx MemSched: states: 0 1 : 1 0 : 2 0 : 3 0
2025-11-13T01:54:14.128Z In(05) vmx MemSched: Balloon enabled 1 guestType 0 maxSize 0
2025-11-13T01:54:14.128Z In(05) vmx PStrIntern expansion: nBkts=256
2025-11-13T01:54:14.128Z In(05) vmx FeatureCompat: Capabilities:
2025-11-13T01:54:14.128Z In(05) vmx Capability Found: cpuid.sse3 = 1
2025-11-13T01:54:14.128Z In(05) vmx Capability Found: cpuid.pclmulqdq = 1
2025-11-13T01:54:14.129Z In(05) vmx Capability Found: cpuid.mwait = 1
2025-11-13T01:54:14.129Z In(05) vmx Capability Found: cpuid.vmx = 1
2025-11-13T01:54:14.129Z In(05) vmx Capability Found: cpuid.ssse3 = 1
2025-11-13T01:54:14.129Z In(05) vmx Capability Found: cpuid.fma = 1
2025-11-13T01:54:14.129Z In(05) vmx Capability Found: cpuid.cmpxchg16b = 1
2025-11-13T01:54:14.129Z In(05) vmx Capability Found: cpuid.pcid = 1
2025-11-13T01:54:14.129Z In(05) vmx Capability Found: cpuid.sse41 = 1
2025-11-13T01:54:14.129Z In(05) vmx Capability Found: cpuid.sse42 = 1
2025-11-13T01:54:14.129Z In(05) vmx Capability Found: cpuid.movbe = 1
2025-11-13T01:54:14.129Z In(05) vmx Capability Found: cpuid.popcnt = 1
2025-11-13T01:54:14.129Z In(05) vmx Capability Found: cpuid.aes = 1
2025-11-13T01:54:14.129Z In(05) vmx Capability Found: cpuid.xsave = 1
2025-11-13T01:54:14.129Z In(05) vmx Capability Found: cpuid.avx = 1
2025-11-13T01:54:14.129Z In(05) vmx Capability Found: cpuid.f16c = 1
2025-11-13T01:54:14.129Z In(05) vmx Capability Found: cpuid.rdrand = 1
2025-11-13T01:54:14.129Z In(05) vmx Capability Found: cpuid.ds = 1
2025-11-13T01:54:14.129Z In(05) vmx Capability Found: cpuid.ss = 1
2025-11-13T01:54:14.129Z In(05) vmx Capability Found: cpuid.fsgsbase = 1
2025-11-13T01:54:14.129Z In(05) vmx Capability Found: cpuid.bmi1 = 1
2025-11-13T01:54:14.129Z In(05) vmx Capability Found: cpuid.avx2 = 1
2025-11-13T01:54:14.129Z In(05) vmx Capability Found: cpuid.smep = 1
2025-11-13T01:54:14.129Z In(05) vmx Capability Found: cpuid.bmi2 = 1
2025-11-13T01:54:14.129Z In(05) vmx Capability Found: cpuid.enfstrg = 1
2025-11-13T01:54:14.129Z In(05) vmx Capability Found: cpuid.invpcid = 1
2025-11-13T01:54:14.129Z In(05) vmx Capability Found: cpuid.rdseed = 1
2025-11-13T01:54:14.129Z In(05) vmx Capability Found: cpuid.adx = 1
2025-11-13T01:54:14.129Z In(05) vmx Capability Found: cpuid.smap = 1
2025-11-13T01:54:14.129Z In(05) vmx Capability Found: cpuid.clflushopt = 1
2025-11-13T01:54:14.129Z In(05) vmx Capability Found: cpuid.mdclear = 1
2025-11-13T01:54:14.129Z In(05) vmx Capability Found: cpuid.stibp = 1
2025-11-13T01:54:14.129Z In(05) vmx Capability Found: cpuid.fcmd = 1
2025-11-13T01:54:14.129Z In(05) vmx Capability Found: cpuid.ssbd = 1
2025-11-13T01:54:14.129Z In(05) vmx Capability Found: cpuid.xcr0_master_sse = 1
2025-11-13T01:54:14.129Z In(05) vmx Capability Found: cpuid.xcr0_master_ymm_h = 1
2025-11-13T01:54:14.129Z In(05) vmx Capability Found: cpuid.xcr0_master_bndregs = 1
2025-11-13T01:54:14.129Z In(05) vmx Capability Found: cpuid.xcr0_master_bndcsr = 1
2025-11-13T01:54:14.129Z In(05) vmx Capability Found: cpuid.xsaveopt = 1
2025-11-13T01:54:14.129Z In(05) vmx Capability Found: cpuid.xsavec = 1
2025-11-13T01:54:14.129Z In(05) vmx Capability Found: cpuid.xgetbv_ecx1 = 1
2025-11-13T01:54:14.129Z In(05) vmx Capability Found: cpuid.xsaves = 1
2025-11-13T01:54:14.129Z In(05) vmx Capability Found: cpuid.lahf64 = 1
2025-11-13T01:54:14.129Z In(05) vmx Capability Found: cpuid.abm = 1
2025-11-13T01:54:14.129Z In(05) vmx Capability Found: cpuid.3dnprefetch = 1
2025-11-13T01:54:14.129Z In(05) vmx Capability Found: cpuid.nx = 1
2025-11-13T01:54:14.129Z In(05) vmx Capability Found: cpuid.pdpe1gb = 1
2025-11-13T01:54:14.129Z In(05) vmx Capability Found: cpuid.rdtscp = 1
2025-11-13T01:54:14.129Z In(05) vmx Capability Found: cpuid.lm = 1
2025-11-13T01:54:14.129Z In(05) vmx Capability Found: cpuid.intel = 1
2025-11-13T01:54:14.129Z In(05) vmx Capability Found: cpuid.ibrs = 1
2025-11-13T01:54:14.129Z In(05) vmx Capability Found: cpuid.ibpb = 1
2025-11-13T01:54:14.129Z In(05) vmx Capability Found: cpuid.mpx = 1
2025-11-13T01:54:14.129Z In(05) vmx Capability Found: hv.capable = 1
2025-11-13T01:54:14.129Z In(05) vmx Capability Found: vt.realmode = 1
2025-11-13T01:54:14.129Z In(05) vmx Capability Found: vt.mbx = 1
2025-11-13T01:54:14.129Z In(05) vmx Capability Found: misc.cpuidfaulting = 1
2025-11-13T01:54:14.129Z In(05) vmx Capability Found: vt.advexitinfo = 1
2025-11-13T01:54:14.129Z In(05) vmx Capability Found: vt.eptad = 1
2025-11-13T01:54:14.129Z In(05) vmx Capability Found: vt.ple = 1
2025-11-13T01:54:14.129Z In(05) vmx Capability Found: vt.zeroinstlen = 1
2025-11-13T01:54:14.129Z In(05) vmx Capability Found: vpmc.microarchitecture.skylake = 1
2025-11-13T01:54:14.129Z In(05) vmx Capability Found: vpmc.numgenctrs = 8
2025-11-13T01:54:14.130Z In(05) vmx Capability Found: vpmc.numfixedctrs = 3
2025-11-13T01:54:14.130Z In(05) vmx Capability Found: vpmc.genwidth = 0x30
2025-11-13T01:54:14.130Z In(05) vmx Capability Found: vpmc.fixedwidth = 0x30
2025-11-13T01:54:14.130Z In(05) vmx Capability Found: vpmc.version = 4
2025-11-13T01:54:14.130Z In(05) vmx Capability Found: vpmc.genctr.0 = 1
2025-11-13T01:54:14.130Z In(05) vmx Capability Found: vpmc.genctr.1 = 1
2025-11-13T01:54:14.130Z In(05) vmx Capability Found: vpmc.genctr.2 = 1
2025-11-13T01:54:14.130Z In(05) vmx Capability Found: vpmc.genctr.3 = 1
2025-11-13T01:54:14.130Z In(05) vmx Capability Found: vpmc.genctr.4 = 1
2025-11-13T01:54:14.130Z In(05) vmx Capability Found: vpmc.genctr.5 = 1
2025-11-13T01:54:14.130Z In(05) vmx Capability Found: vpmc.genctr.6 = 1
2025-11-13T01:54:14.130Z In(05) vmx Capability Found: vpmc.genctr.7 = 1
2025-11-13T01:54:14.130Z In(05) vmx Capability Found: vpmc.fixctr.0 = 1
2025-11-13T01:54:14.130Z In(05) vmx Capability Found: vpmc.fixctr.1 = 1
2025-11-13T01:54:14.130Z In(05) vmx Capability Found: vpmc.fixctr.2 = 1
2025-11-13T01:54:14.130Z In(05) vmx FeatureCompat: Requirements:
2025-11-13T01:54:14.130Z In(05) vmx VM Features Required: cpuid.sse3 - Bool:Min:1
2025-11-13T01:54:14.130Z In(05) vmx VM Features Required: cpuid.pclmulqdq - Bool:Min:1
2025-11-13T01:54:14.130Z In(05) vmx VM Features Required: cpuid.ssse3 - Bool:Min:1
2025-11-13T01:54:14.130Z In(05) vmx VM Features Required: cpuid.fma - Bool:Min:1
2025-11-13T01:54:14.130Z In(05) vmx VM Features Required: cpuid.cmpxchg16b - Bool:Min:1
2025-11-13T01:54:14.130Z In(05) vmx VM Features Required: cpuid.sse41 - Bool:Min:1
2025-11-13T01:54:14.130Z In(05) vmx VM Features Required: cpuid.sse42 - Bool:Min:1
2025-11-13T01:54:14.130Z In(05) vmx VM Features Required: cpuid.movbe - Bool:Min:1
2025-11-13T01:54:14.130Z In(05) vmx VM Features Required: cpuid.popcnt - Bool:Min:1
2025-11-13T01:54:14.130Z In(05) vmx VM Features Required: cpuid.aes - Bool:Min:1
2025-11-13T01:54:14.130Z In(05) vmx VM Features Required: cpuid.xsave - Bool:Min:1
2025-11-13T01:54:14.130Z In(05) vmx VM Features Required: cpuid.avx - Bool:Min:1
2025-11-13T01:54:14.130Z In(05) vmx VM Features Required: cpuid.ss - Bool:Min:1
2025-11-13T01:54:14.130Z In(05) vmx VM Features Required: cpuid.xcr0_master_sse - Bool:Min:1
2025-11-13T01:54:14.130Z In(05) vmx VM Features Required: cpuid.xcr0_master_ymm_h - Bool:Min:1
2025-11-13T01:54:14.130Z In(05) vmx VM Features Required: cpuid.lahf64 - Bool:Min:1
2025-11-13T01:54:14.130Z In(05) vmx VM Features Required: cpuid.3dnprefetch - Bool:Min:1
2025-11-13T01:54:14.130Z In(05) vmx VM Features Required: cpuid.nx - Bool:Min:1
2025-11-13T01:54:14.130Z In(05) vmx VM Features Required: cpuid.rdtscp - Bool:Min:1
2025-11-13T01:54:14.130Z In(05) vmx VM Features Required: cpuid.lm - Bool:Min:1
2025-11-13T01:54:14.130Z In(05) vmx VM Features Required: cpuid.intel - Bool:Min:1
2025-11-13T01:54:14.131Z In(05) vmx TOOLS received request in VMX to set option 'enableDnD' -> '1'
2025-11-13T01:54:14.132Z In(05) vmx 
2025-11-13T01:54:14.132Z In(05)+ vmx OvhdMem: Static (Power On) Overheads
2025-11-13T01:54:14.132Z In(05) vmx                                                       reserved      |          used
2025-11-13T01:54:14.132Z In(05) vmx OvhdMem excluded                                  cur    max    avg |    cur    max    avg
2025-11-13T01:54:14.133Z In(05) vmx OvhdMem OvhdUser_MainMem                    :  262144 262144      - |      0      0      -
2025-11-13T01:54:14.133Z In(05) vmx OvhdMem OvhdUser_VmxText                    :    7936   7936      - |      0      0      -
2025-11-13T01:54:14.133Z In(05) vmx OvhdMem OvhdUser_VmxTextLibs                :   17408  17408      - |      0      0      -
2025-11-13T01:54:14.133Z In(05) vmx OvhdMem Total excluded                      :  287488 287488      - |      -      -      -
2025-11-13T01:54:14.133Z In(05) vmx OvhdMem Actual maximum                      :         287488        |             -
2025-11-13T01:54:14.133Z In(05)+ vmx 
2025-11-13T01:54:14.133Z In(05) vmx                                                       reserved      |          used
2025-11-13T01:54:14.133Z In(05) vmx OvhdMem paged                                     cur    max    avg |    cur    max    avg
2025-11-13T01:54:14.133Z In(05) vmx OvhdMem OvhdUser_STATS_vmm                  :       2      2      - |      0      0      -
2025-11-13T01:54:14.133Z In(05) vmx OvhdMem OvhdUser_STATS_device               :       1      1      - |      0      0      -
2025-11-13T01:54:14.133Z In(05) vmx OvhdMem OvhdUser_DiskLibMemUsed             :    3075   3075      - |      0      0      -
2025-11-13T01:54:14.133Z In(05) vmx OvhdMem OvhdUser_SvgaSDirtyCache            :      96     96      - |      0      0      -
2025-11-13T01:54:14.133Z In(05) vmx OvhdMem OvhdUser_SvgaCursor                 :      10     10      - |     10     10      -
2025-11-13T01:54:14.133Z In(05) vmx OvhdMem OvhdUser_VmxGlobals                 :   10240  10240      - |      0      0      -
2025-11-13T01:54:14.133Z In(05) vmx OvhdMem OvhdUser_VmxGlobalsLibs             :    3584   3584      - |      0      0      -
2025-11-13T01:54:14.133Z In(05) vmx OvhdMem OvhdUser_VmxHeap                    :    8704   8704      - |      0      0      -
2025-11-13T01:54:14.133Z In(05) vmx OvhdMem OvhdUser_VmxMks                     :      49     49      - |      0      0      -
2025-11-13T01:54:14.133Z In(05) vmx OvhdMem OvhdUser_VmxMksRenderOps            :     678    678      - |    492    492      -
2025-11-13T01:54:14.133Z In(05) vmx OvhdMem OvhdUser_VmxMks3d                   :       1      1      - |      0      0      -
2025-11-13T01:54:14.133Z In(05) vmx OvhdMem OvhdUser_VmxMksScreenTemp           :   37122  37122      - |      0      0      -
2025-11-13T01:54:14.133Z In(05) vmx OvhdMem OvhdUser_VmxMksVnc                  :   38236  38236      - |      0      0      -
2025-11-13T01:54:14.133Z In(05) vmx OvhdMem OvhdUser_VmxMksScreen               :   65539  65539      - |      0      0      -
2025-11-13T01:54:14.133Z In(05) vmx OvhdMem OvhdUser_VmxMksSVGAVO               :    4096   4096      - |      0      0      -
2025-11-13T01:54:14.133Z In(05) vmx OvhdMem OvhdUser_VmxMksSwbCursor            :    4096   4096      - |      0      0      -
2025-11-13T01:54:14.133Z In(05) vmx OvhdMem OvhdUser_VmxPhysMemErrPages         :      10     10      - |      0      0      -
2025-11-13T01:54:14.133Z In(05) vmx OvhdMem OvhdUser_VmxSLEntryBuf              :     128    128      - |      0      0      -
2025-11-13T01:54:14.133Z In(05) vmx OvhdMem OvhdUser_VmxThreads                 :   35328  35328      - |      0      0      -
2025-11-13T01:54:14.133Z In(05) vmx OvhdMem Total paged                         :  210995 210995      - |    502    502      -
2025-11-13T01:54:14.133Z In(05) vmx OvhdMem Actual maximum                      :         210995        |        210995
2025-11-13T01:54:14.133Z In(05)+ vmx 
2025-11-13T01:54:14.133Z In(05) vmx                                                       reserved      |          used
2025-11-13T01:54:14.133Z In(05) vmx OvhdMem nonpaged                                  cur    max    avg |    cur    max    avg
2025-11-13T01:54:14.133Z In(05) vmx OvhdMem OvhdUser_SharedArea                 :     137    137      - |    122    122      -
2025-11-13T01:54:14.133Z In(05) vmx OvhdMem OvhdUser_BusMemTraceBitmap          :      14     14      - |      0      0      -
2025-11-13T01:54:14.133Z In(05) vmx OvhdMem OvhdUser_PFrame                     :     755   1792      - |    755    755      -
2025-11-13T01:54:14.133Z In(05) vmx OvhdMem OvhdUser_VIDE_KSEG                  :      16     16      - |     16     16      -
2025-11-13T01:54:14.133Z In(05) vmx OvhdMem OvhdUser_VGA                        :      64     64      - |     64     64      -
2025-11-13T01:54:14.133Z In(05) vmx OvhdMem OvhdUser_BalloonMPN                 :       1      1      - |      1      1      -
2025-11-13T01:54:14.133Z In(05) vmx OvhdMem OvhdUser_P2MUpdateBuffer            :       3      3      - |      0      0      -
2025-11-13T01:54:14.133Z In(05) vmx OvhdMem OvhdUser_ServicesMPN                :       3      3      - |      2      2      -
2025-11-13T01:54:14.133Z In(05) vmx OvhdMem OvhdUser_LocalApic                  :       1      1      - |      1      1      -
2025-11-13T01:54:14.133Z In(05) vmx OvhdMem OvhdUser_VBIOS                      :       8      8      - |      0      0      -
2025-11-13T01:54:14.133Z In(05) vmx OvhdMem OvhdUser_VnicGuest                  :      16     16      - |      0      0      -
2025-11-13T01:54:14.133Z In(05) vmx OvhdMem OvhdUser_LSIBIOS                    :       4      4      - |      0      0      -
2025-11-13T01:54:14.133Z In(05) vmx OvhdMem OvhdUser_LSIRings                   :       4      4      - |      0      0      -
2025-11-13T01:54:14.133Z In(05) vmx OvhdMem OvhdUser_SAS1068BIOS                :       4      4      - |      0      0      -
2025-11-13T01:54:14.133Z In(05) vmx OvhdMem OvhdUser_SBIOS                      :      16     16      - |      0      0      -
2025-11-13T01:54:14.133Z In(05) vmx OvhdMem OvhdUser_FlashRam                   :     128    128      - |      0      0      -
2025-11-13T01:54:14.133Z In(05) vmx OvhdMem OvhdUser_SVGAFB                     :   32768  32768      - |      0      0      -
2025-11-13T01:54:14.133Z In(05) vmx OvhdMem OvhdUser_SVGAMEM                    :     512    512      - |      0      0      -
2025-11-13T01:54:14.133Z In(05) vmx OvhdMem OvhdUser_HDAudioReg                 :       3      3      - |      0      0      -
2025-11-13T01:54:14.133Z In(05) vmx OvhdMem OvhdUser_EHCIRegister               :       1      1      - |      1      1      -
2025-11-13T01:54:14.133Z In(05) vmx OvhdMem OvhdUser_XhciRegister               :       1      1      - |      0      0      -
2025-11-13T01:54:14.133Z In(05) vmx OvhdMem OvhdUser_HyperV                     :       2      2      - |      0      0      -
2025-11-13T01:54:14.133Z In(05) vmx OvhdMem OvhdUser_ExtCfg                     :       4      4      - |      0      0      -
2025-11-13T01:54:14.133Z In(05) vmx OvhdMem OvhdUser_vhvCachedVMCS              :       1      1      - |      0      0      -
2025-11-13T01:54:14.134Z In(05) vmx OvhdMem OvhdUser_vhvNestedAPIC              :       1      1      - |      0      0      -
2025-11-13T01:54:14.134Z In(05) vmx OvhdMem OvhdUser_LBR                        :       1      1      - |      0      0      -
2025-11-13T01:54:14.134Z In(05) vmx OvhdMem OvhdUser_MonWired                   :      35     35      - |     35     35      -
2025-11-13T01:54:14.134Z In(05) vmx OvhdMem OvhdUser_MonNuma                    :     248    248      - |      0      0      -
2025-11-13T01:54:14.134Z In(05) vmx OvhdMem OvhdUser_NVDC                       :       1      1      - |      0      0      -
2025-11-13T01:54:14.134Z In(05) vmx OvhdMem OvhdUser_PCIeMMIOArea               :      70     70      - |     34     34      -
2025-11-13T01:54:14.134Z In(05) vmx OvhdMem Total nonpaged                      :   34822  35859      - |   1031   1031      -
2025-11-13T01:54:14.134Z In(05) vmx OvhdMem Actual maximum                      :          34822        |         35859
2025-11-13T01:54:14.134Z In(05)+ vmx 
2025-11-13T01:54:14.134Z In(05) vmx                                                       reserved      |          used
2025-11-13T01:54:14.134Z In(05) vmx OvhdMem anonymous                                 cur    max    avg |    cur    max    avg
2025-11-13T01:54:14.134Z In(05) vmx OvhdMem OvhdMon_Alloc                       :      98     98      - |      0      0      -
2025-11-13T01:54:14.134Z In(05) vmx OvhdMem OvhdMon_BusMemFrame                 :     353    410      - |      0      0      -
2025-11-13T01:54:14.134Z In(05) vmx OvhdMem OvhdMon_BusMem2MInfo                :       4      4      - |      0      0      -
2025-11-13T01:54:14.134Z In(05) vmx OvhdMem OvhdMon_BusMem1GInfo                :       1      1      - |      0      0      -
2025-11-13T01:54:14.134Z In(05) vmx OvhdMem OvhdMon_BusMemZapListMPN            :       1      1      - |      0      0      -
2025-11-13T01:54:14.134Z In(05) vmx OvhdMem OvhdMon_BusMemPreval                :       4      4      - |      0      0      -
2025-11-13T01:54:14.134Z In(05) vmx OvhdMem OvhdMon_MonAS                       :       1      1      - |      0      0      -
2025-11-13T01:54:14.134Z In(05) vmx OvhdMem OvhdMon_GuestMem                    :      40     40      - |      0      0      -
2025-11-13T01:54:14.134Z In(05) vmx OvhdMem OvhdMon_TC                          :     513    513      - |      0      0      -
2025-11-13T01:54:14.134Z In(05) vmx OvhdMem OvhdMon_BusMemMonAS                 :       4      4      - |      0      0      -
2025-11-13T01:54:14.134Z In(05) vmx OvhdMem OvhdMon_PlatformMonAS               :       6      6      - |      0      0      -
2025-11-13T01:54:14.134Z In(05) vmx OvhdMem OvhdMon_HVNuma                      :       2      2      - |      0      0      -
2025-11-13T01:54:14.134Z In(05) vmx OvhdMem OvhdMon_HV                          :       1      1      - |      0      0      -
2025-11-13T01:54:14.134Z In(05) vmx OvhdMem OvhdMon_HVMSRBitmap                 :       1      1      - |      0      0      -
2025-11-13T01:54:14.134Z In(05) vmx OvhdMem OvhdMon_VHVGuestMSRBitmap           :       1      1      - |      0      0      -
2025-11-13T01:54:14.134Z In(05) vmx OvhdMem OvhdMon_VHV                         :       3      3      - |      0      0      -
2025-11-13T01:54:14.134Z In(05) vmx OvhdMem OvhdMon_Numa                        :      24     24      - |      0      0      -
2025-11-13T01:54:14.134Z In(05) vmx OvhdMem OvhdMon_NumaTextRodata              :     199    199      - |      0      0      -
2025-11-13T01:54:14.134Z In(05) vmx OvhdMem OvhdMon_NumaDataBss                 :      49     49      - |      0      0      -
2025-11-13T01:54:14.134Z In(05) vmx OvhdMem OvhdMon_BaseWired                   :      29     29      - |      0      0      -
2025-11-13T01:54:14.134Z In(05) vmx OvhdMem OvhdMon_Bootstrap                   :    2303   2303      - |      0      0      -
2025-11-13T01:54:14.134Z In(05) vmx OvhdMem OvhdMon_GPhysTraced                 :     264    264      - |      0      0      -
2025-11-13T01:54:14.134Z In(05) vmx OvhdMem OvhdMon_GPhysHWMMU                  :     828    828      - |      0      0      -
2025-11-13T01:54:14.134Z In(05) vmx OvhdMem OvhdMon_GPhysNoTrace                :     264    264      - |      0      0      -
2025-11-13T01:54:14.134Z In(05) vmx OvhdMem OvhdMon_PhysMemGart                 :     104    104      - |      0      0      -
2025-11-13T01:54:14.134Z In(05) vmx OvhdMem OvhdMon_PhysMemErr                  :       6      6      - |      0      0      -
2025-11-13T01:54:14.134Z In(05) vmx OvhdMem OvhdMon_VProbe                      :       1      1      - |      0      0      -
2025-11-13T01:54:14.134Z In(05) vmx OvhdMem Total anonymous                     :    5104   5161      - |      0      0      -
2025-11-13T01:54:14.134Z In(05) vmx OvhdMem Actual maximum                      :           5104        |          5161
2025-11-13T01:54:14.134Z In(05)+ vmx 
2025-11-13T01:54:14.134Z In(05) vmx VMMEM: Precise Reservation: 980MB (MainMem=1024MB)
2025-11-13T01:54:14.135Z In(05) vmx Vix: [mainDispatch.c:1059]: VMAutomation_PowerOn. Powering on.
2025-11-13T01:54:14.136Z No(00) vmx PowerOnTiming: ALL took 2318779 us
2025-11-13T01:54:14.136Z In(05) vmx VMX_PowerOn: ModuleTable_PowerOn = 1
2025-11-13T01:54:14.136Z No(00) vmx ConfigDB: Setting cleanShutdown = "FALSE"
2025-11-13T01:54:14.136Z No(00) vmx ConfigDB: Setting softPowerOff = "FALSE"
2025-11-13T01:54:14.165Z In(05) vcpu-0 VTHREAD 7872 "vcpu-0"
2025-11-13T01:54:14.165Z In(05) vmx ToolsISO: Refreshing imageName for 'ubuntu' (refreshCount=1, lastCount=1).
2025-11-13T01:54:14.166Z In(05) vmx ToolsISO: open of C:\Program Files (x86)\VMware\VMware Workstation\isoimages_manifest.txt.sig failed: Could not find the file
2025-11-13T01:54:14.166Z In(05) vmx ToolsISO: Unable to read signature file 'C:\Program Files (x86)\VMware\VMware Workstation\isoimages_manifest.txt.sig', ignoring.
2025-11-13T01:54:14.166Z In(05) vmx ToolsISO: Updated cached value for imageName to 'linux.iso'.
2025-11-13T01:54:14.166Z In(05) vmx ToolsISO: Selected Tools ISO 'linux.iso' for 'ubuntu' guest.
2025-11-13T01:54:14.166Z In(05) vmx Win32U_GetFileAttributes: GetFileAttributesExW("C:\Program Files (x86)\VMware\VMware Workstation\linux.iso", ...) failed, error: 2
2025-11-13T01:54:14.166Z In(05) vmx TOOLS updated cached value for isoImageExists to 0.
2025-11-13T01:54:14.166Z In(05) vmx VMXVmdb_SetToolsVersionStatus: status value set to 'ok', 'supportedOld', install impossible
2025-11-13T01:54:14.170Z In(05) vcpu-0 MonTimer APIC:0/0 vec: 0
2025-11-13T01:54:14.170Z In(05) vcpu-0 APIC: version = 0x15, max LVT = 6, LDR = 0x1, DFR = 0xffffffff
2025-11-13T01:54:14.171Z In(05) vcpu-0 Active HV capabilities
2025-11-13T01:54:14.171Z In(05) vcpu-0    Full decode
2025-11-13T01:54:14.171Z In(05) vcpu-0    Nested paging A/D bits
2025-11-13T01:54:14.171Z In(05) vcpu-0    Real-address mode
2025-11-13T01:54:14.171Z In(05) vcpu-0    Skip debug state
2025-11-13T01:54:14.171Z In(05) vcpu-0    X2APIC virtualization
2025-11-13T01:54:14.171Z In(05) vcpu-0    BNDCFGS/MPX
2025-11-13T01:54:14.171Z In(05) vcpu-0    Page-modification logging
2025-11-13T01:54:14.171Z In(05) vcpu-0    ENCLS exiting
2025-11-13T01:54:14.171Z In(05) vcpu-0    PAUSE-loop exiting
2025-11-13T01:54:14.171Z In(05) vcpu-0    Advanced exit information for EPT violations
2025-11-13T01:54:14.171Z In(05) vcpu-0    Mode-based execute control for nested paging
2025-11-13T01:54:14.171Z In(05) vcpu-0    EPT-violation virtualization exception
2025-11-13T01:54:14.171Z In(05) vcpu-0    Event injection with instruction length zero
2025-11-13T01:54:14.172Z In(05) vcpu-0 CPU reset: hard (mode Emulation)
2025-11-13T01:54:14.174Z In(05) svga MKSThread: SVGA thread is entering the main loop
2025-11-13T01:54:14.174Z In(05) vcpu-0 GuestRpc: Successfully created RPCI listening socket.
2025-11-13T01:54:14.174Z In(05) vcpu-0 GuestRpc: Using vsocket for TCLO messaging is disabled.
2025-11-13T01:54:14.174Z No(00) vcpu-0 ConfigDB: Unsetting all entries with prefix "usb:0."
2025-11-13T01:54:14.203Z In(05) vcpu-0 USB: DevID(2000000400000000): Disconnecting device.
2025-11-13T01:54:14.203Z In(05) vcpu-0 USB: DevID(200000050e0f0003): Connecting device desc:name:VMware\ Virtual\ USB\ Mouse vid:0e0f pid:0003 speed:full family:hid deviceType:virtual-hid info:0000005 version:5.
2025-11-13T01:54:14.203Z No(00) vcpu-0 ConfigDB: Setting usb:0.present = "TRUE"
2025-11-13T01:54:14.203Z No(00) vcpu-0 ConfigDB: Setting usb:0.deviceType = "hid"
2025-11-13T01:54:14.203Z No(00) vcpu-0 ConfigDB: Setting usb:0.port = "0"
2025-11-13T01:54:14.203Z No(00) vcpu-0 ConfigDB: Setting usb:0.parent = "-1"
2025-11-13T01:54:14.249Z In(05) vcpu-0 memoryHotplug: Node 0: Present: 1023 MB (100 %) Size:16383 MB (100 %)
2025-11-13T01:54:14.249Z In(05) vcpu-0 PIIX4: PM Resuming from suspend type 0x0, chipset.onlineStandby 0
2025-11-13T01:54:14.364Z In(05) vcpu-0 SOUND 908.257778 ES1371Win32GetMixerCtl mixerGetLineInfo error 1024
2025-11-13T01:54:14.365Z In(05) vcpu-0 VNET: MACVNetConnectToNetwork 'Ethernet0' notify available.
2025-11-13T01:54:14.365Z In(05) vcpu-0 HGFSPublish: publishing 0 shares
2025-11-13T01:54:14.369Z In(05) vcpu-0 Win32U_GetFileAttributes: GetFileAttributesExW("D:\VM\BeeBox\bee-box_v1.6\bee-box\bee-box.vmpl", ...) failed, error: 2
2025-11-13T01:54:14.369Z In(05) vcpu-0 PolicyVMXFindPolicyKey: policy file does not exist.
2025-11-13T01:54:14.372Z In(05) vcpu-0 DEVSWAP: GuestOS does not require LSI adapter swap.
2025-11-13T01:54:14.373Z No(00) vcpu-0 Metrics lastUpdate (s): 44908
2025-11-13T01:54:14.373Z In(05) vcpu-0 Vix: [mainDispatch.c:4213]: VMAutomation_ReportPowerOpFinished: statevar=0, newAppState=1872, success=1 additionalError=0
2025-11-13T01:54:14.373Z In(05) vcpu-0 Vix: [mainDispatch.c:4130]: VMAutomationReportPowerStateChange: Reporting power state change (opcode=0, err=0).
2025-11-13T01:54:14.373Z In(05) vcpu-0 Vix: [mainDispatch.c:4130]: VMAutomationReportPowerStateChange: Reporting power state change (opcode=2, err=0).
2025-11-13T01:54:14.373Z In(05) vcpu-0 Transitioned vmx/execState/val to poweredOn
2025-11-13T01:54:14.373Z In(05) vcpu-0 Tools: Adding Tools inactivity timer.
2025-11-13T01:54:14.373Z In(05) vcpu-0 Intel VT: FlexPriority disabled, VPID enabled.
2025-11-13T01:54:14.375Z In(05) vmx USB: New set of 0 USB devices.
2025-11-13T01:54:14.462Z In(05) mks MKSControlMgr: connected
2025-11-13T01:54:14.468Z In(05) mks MKS-VMDB: VMDB requested a screenshot
2025-11-13T01:54:14.468Z In(05) svga MKSScreenShotMgr: Taking a screenshot
2025-11-13T01:54:14.472Z In(05) mks KHBKL: Unable to parse keystring at: ''
2025-11-13T01:54:14.473Z In(05) svga SWBScreen: Screen 0 Defined: xywh(0, 0, 640, 480) flags=0x3
2025-11-13T01:54:14.483Z In(05) mks SWBWindow: Number of MKSWindows changed: 0 rendering MKSWindow(s) of total 1.
2025-11-13T01:54:14.483Z In(05) mks SWBWindow: Window 1 Defined: src screenId=-1, src xywh(0, 0, 640, 480) dest xywh(0, 0, 640, 480) pixelScale=1, flags=0x8
2025-11-13T01:54:14.483Z In(05) mks MKS-HWinMux: Backend Switch Queued
2025-11-13T01:54:14.483Z In(05) mks GDI-Backend: successfully started by HWinMux to do window composition.
2025-11-13T01:54:14.484Z In(05) mks MKS-HWinMux: Started GDI presentation backend.
2025-11-13T01:54:14.491Z In(05) mks SWBWindow: Number of MKSWindows changed: 1 rendering MKSWindow(s) of total 2.
2025-11-13T01:54:14.491Z In(05) mks SWBWindow: Window 0 Defined: src screenId=-1, src xywh(0, 0, 640, 480) dest xywh(0, 0, 640, 480) pixelScale=1, flags=0x6
2025-11-13T01:54:14.580Z In(05) vcpu-0 SVGA: Registering MemSpace at 0xe8000000(0x0) and 0xfe000000(0x0)
2025-11-13T01:54:14.580Z In(05) vcpu-0 SVGA: FIFO is already mapped
2025-11-13T01:54:14.584Z In(05) vcpu-0 SVGA: Unregistering MemSpace at 0xe8000000(0xe8000000) and 0xfe000000(0xfe000000)
2025-11-13T01:54:14.584Z In(05) vcpu-0 SVGA: FIFO is already mapped
2025-11-13T01:54:14.736Z In(05) vcpu-0 SVGA: Registering MemSpace at 0xe8000000(0xe8000000) and 0xfe000000(0xfe000000)
2025-11-13T01:54:14.736Z In(05) vcpu-0 SVGA: FIFO is already mapped
2025-11-13T01:54:14.741Z In(05) vcpu-0 SVGA: Unregistering MemSpace at 0xe8000000(0xe8000000) and 0xfe000000(0xfe000000)
2025-11-13T01:54:14.741Z In(05) vcpu-0 SVGA: FIFO is already mapped
2025-11-13T01:54:14.741Z In(05) vcpu-0 SVGA: Registering IOSpace at 0x1070
2025-11-13T01:54:14.741Z In(05) vcpu-0 SVGA: Registering MemSpace at 0xe8000000(0xe8000000) and 0xfe000000(0xfe000000)
2025-11-13T01:54:14.741Z In(05) vcpu-0 SVGA: FIFO is already mapped
2025-11-13T01:54:14.766Z In(05) vcpu-0 SVGA: FIFO is already mapped
2025-11-13T01:54:14.774Z In(05) vcpu-0 SVGA: FIFO is already mapped
2025-11-13T01:54:14.847Z In(05) vmx USB: New set of 0 USB devices.
2025-11-13T01:54:14.888Z In(05) vcpu-0 DISKUTIL: scsi0:0 : geometry=2610/255/63
2025-11-13T01:54:14.888Z In(05) vcpu-0 DISKUTIL: scsi0:0 : capacity=41943040 logical sector size=512
2025-11-13T01:54:15.357Z In(05) vcpu-0 BIOS-UUID is 56 4d b0 d6 9d a1 09 4f-c7 35 6a 27 79 70 b0 3e
2025-11-13T01:54:15.419Z In(05) svga SWBScreen: Screen 0 Resized: xywh(0, 0, 720, 400) flags=0x3
2025-11-13T01:54:19.094Z In(05) vcpu-0 SVGA: Unregistering IOSpace at 0x1070
2025-11-13T01:54:19.094Z In(05) vcpu-0 SVGA: Registering IOSpace at 0xfffffff0
2025-11-13T01:54:19.094Z In(05) vcpu-0 SVGA: Unregistering IOSpace at 0xfffffff0
2025-11-13T01:54:19.094Z In(05) vcpu-0 SVGA: Registering IOSpace at 0x1070
2025-11-13T01:54:19.094Z In(05) vcpu-0 SVGA: Unregistering MemSpace at 0xe8000000(0xe8000000) and 0xfe000000(0xfe000000)
2025-11-13T01:54:19.095Z In(05) vcpu-0 SVGA: FIFO is already mapped
2025-11-13T01:54:19.095Z In(05) vcpu-0 SVGA: Registering MemSpace at 0xe8000000(0xe8000000) and 0xfe000000(0xfe000000)
2025-11-13T01:54:19.095Z In(05) vcpu-0 SVGA: FIFO is already mapped
2025-11-13T01:54:19.095Z In(05) vcpu-0 SVGA: Unregistering MemSpace at 0xe8000000(0xe8000000) and 0xfe000000(0xfe000000)
2025-11-13T01:54:19.095Z In(05) vcpu-0 SVGA: FIFO is already mapped
2025-11-13T01:54:19.095Z In(05) vcpu-0 SVGA: Registering MemSpace at 0xe8000000(0xe8000000) and 0xfe000000(0xfe000000)
2025-11-13T01:54:19.095Z In(05) vcpu-0 SVGA: FIFO is already mapped
2025-11-13T01:54:20.742Z In(05) vcpu-0 SVGA: FIFO is already mapped
2025-11-13T01:54:20.742Z In(05) svga SVGA enabling SVGA
2025-11-13T01:54:20.742Z In(05) svga SWBScreen: Screen 0 Destroyed: xywh(0, 0, 720, 400) flags=0x3
2025-11-13T01:54:20.820Z In(05) svga SVGA-ScreenMgr: Screen type changed to RegisterMode
2025-11-13T01:54:20.820Z In(05) svga SWBScreen: Screen 1 Defined: xywh(0, 0, 800, 600) flags=0x2
2025-11-13T01:54:21.868Z In(05) vcpu-0 VNET: MACVNetConnectToNetwork 'Ethernet0' notify available.
2025-11-13T01:54:22.608Z In(05) vcpu-0 SCSI0: RESET BUS
2025-11-13T01:54:22.954Z In(05) vcpu-0 SCSI0: RESET BUS
2025-11-13T01:54:23.005Z In(05) vcpu-0 DISKUTIL: scsi0:0 : capacity=41943040 logical sector size=512
2025-11-13T01:54:23.005Z In(05) vcpu-0 SCSI DEVICE (scsi0:0): MODE SENSE(6) for unsupported page 0x8
2025-11-13T01:54:23.005Z In(05) vcpu-0 DISKUTIL: scsi0:0 : capacity=41943040 logical sector size=512
2025-11-13T01:54:23.006Z In(05) vcpu-0 SCSI DEVICE (scsi0:0): MODE SENSE(6) for unsupported page 0x8
2025-11-13T01:54:26.282Z In(05) vcpu-0 SOUND 920.175952 ES1371Win32GetMixerCtl mixerGetLineInfo error 1024
2025-11-13T01:54:29.897Z In(05) vmx DISKLIB-LIB   : numIOs = 50000 numMergedIOs = 1543 numSplitIOs = 260
2025-11-13T01:54:31.261Z In(05) vcpu-0 DDB: "longContentID" = "c92fcd05f4b687a039be18dd44954314" (was "4fb61eec03daaf8b4659d28ff98d2628")
2025-11-13T01:54:34.539Z In(05) vcpu-0 DEVSWAP: GuestOS does not require LSI adapter swap.
2025-11-13T01:54:34.540Z In(05) vcpu-0 Guest: toolbox: Version: build-893888
2025-11-13T01:54:34.540Z Wa(03) vcpu-0 GuestRpc: application toolbox, changing channel 65535 -> 0
2025-11-13T01:54:34.540Z In(05) vcpu-0 GuestRpc: Channel 0, guest application toolbox.
2025-11-13T01:54:34.540Z In(05) vcpu-0 Tools: [AppStatus] Last heartbeat value 0 (never received)
2025-11-13T01:54:34.540Z In(05) vcpu-0 TOOLS: appName=toolbox, oldStatus=0, status=1, guestInitiated=0.
2025-11-13T01:54:34.565Z In(05) vcpu-0 TOOLS autoupgrade protocol version 2
2025-11-13T01:54:34.565Z In(05) vcpu-0 Vix: [mainDispatch.c:4130]: VMAutomationReportPowerStateChange: Reporting power state change (opcode=2, err=0).
2025-11-13T01:54:34.566Z In(05) vcpu-0 TOOLS Received tools.set.version rpc call, version = 8453, setting type to 2 from guest OS
2025-11-13T01:54:34.566Z In(05) vcpu-0 Tools: Removing Tools inactivity timer.
2025-11-13T01:54:34.566Z In(05) vcpu-0 TOOLS setting legacy tools version to '8453' type 2, manifest status is 2
2025-11-13T01:54:34.566Z In(05) vcpu-0 Tools_SetVersionAndType: Updating the Tools Version in the disk
2025-11-13T01:54:34.604Z In(05) vcpu-0 Tools_SetVersionAndType: Done updating the Tools Version in the disk
2025-11-13T01:54:34.605Z In(05) vcpu-0 ToolsISO: Refreshing imageName for 'ubuntu' (refreshCount=1, lastCount=1).
2025-11-13T01:54:34.606Z In(05) vcpu-0 ToolsISO: open of C:\Program Files (x86)\VMware\VMware Workstation\isoimages_manifest.txt.sig failed: Could not find the file
2025-11-13T01:54:34.606Z In(05) vcpu-0 ToolsISO: Unable to read signature file 'C:\Program Files (x86)\VMware\VMware Workstation\isoimages_manifest.txt.sig', ignoring.
2025-11-13T01:54:34.607Z In(05) vcpu-0 ToolsISO: Updated cached value for imageName to 'linux.iso'.
2025-11-13T01:54:34.607Z In(05) vcpu-0 ToolsISO: Selected Tools ISO 'linux.iso' for 'ubuntu' guest.
2025-11-13T01:54:34.607Z In(05) vcpu-0 Win32U_GetFileAttributes: GetFileAttributesExW("C:\Program Files (x86)\VMware\VMware Workstation\linux.iso", ...) failed, error: 2
2025-11-13T01:54:34.607Z In(05) vcpu-0 TOOLS updated cached value for isoImageExists to 0.
2025-11-13T01:54:34.607Z In(05) vcpu-0 VMXVmdb_SetToolsVersionStatus: status value set to 'ok', 'supportedOld', install impossible
2025-11-13T01:54:34.608Z In(05) vcpu-0 ToolsISO: Refreshing imageName for 'ubuntu' (refreshCount=1, lastCount=1).
2025-11-13T01:54:34.608Z In(05) vcpu-0 ToolsISO: open of C:\Program Files (x86)\VMware\VMware Workstation\isoimages_manifest.txt.sig failed: Could not find the file
2025-11-13T01:54:34.608Z In(05) vcpu-0 ToolsISO: Unable to read signature file 'C:\Program Files (x86)\VMware\VMware Workstation\isoimages_manifest.txt.sig', ignoring.
2025-11-13T01:54:34.609Z In(05) vcpu-0 ToolsISO: Updated cached value for imageName to 'linux.iso'.
2025-11-13T01:54:34.609Z In(05) vcpu-0 ToolsISO: Selected Tools ISO 'linux.iso' for 'ubuntu' guest.
2025-11-13T01:54:34.609Z In(05) vcpu-0 Win32U_GetFileAttributes: GetFileAttributesExW("C:\Program Files (x86)\VMware\VMware Workstation\linux.iso", ...) failed, error: 2
2025-11-13T01:54:34.610Z In(05) vcpu-0 TOOLS updated cached value for isoImageExists to 0.
2025-11-13T01:54:34.610Z In(05) vcpu-0 VMware Workstation did not ship with the tools ISO.
2025-11-13T01:54:34.610Z In(05) vcpu-0 TOOLS Setting autoupgrade-checked TRUE.
2025-11-13T01:54:34.697Z In(05) vcpu-0 Tools: Running status rpc handler: 0 => 1.
2025-11-13T01:54:34.697Z In(05) vcpu-0 Tools: Changing running status: 0 => 1.
2025-11-13T01:54:34.697Z In(05) vcpu-0 Tools: [RunningStatus] Last heartbeat value 1 (last received 0s ago)
2025-11-13T01:54:42.586Z In(05) vcpu-0 SVGA: Unregistering IOSpace at 0x1070
2025-11-13T01:54:42.586Z In(05) vcpu-0 SVGA: Unregistering MemSpace at 0xe8000000(0xe8000000) and 0xfe000000(0xfe000000)
2025-11-13T01:54:42.586Z In(05) vcpu-0 SVGA: FIFO is already mapped
2025-11-13T01:54:42.586Z In(05) vcpu-0 SVGA: Registering IOSpace at 0x1070
2025-11-13T01:54:42.586Z In(05) vcpu-0 SVGA: Registering MemSpace at 0xe8000000(0xe8000000) and 0xfe000000(0xfe000000)
2025-11-13T01:54:42.586Z In(05) vcpu-0 SVGA: FIFO is already mapped
2025-11-13T01:54:42.618Z In(05) svga SVGA disabling SVGA
2025-11-13T01:54:42.618Z In(05) svga SWBScreen: Screen 1 Destroyed: xywh(0, 0, 800, 600) flags=0x2
2025-11-13T01:54:42.628Z In(05) svga SWBScreen: Screen 0 Defined: xywh(0, 0, 740, 480) flags=0x3
2025-11-13T01:54:42.654Z In(05) svga SVGA enabling SVGA
2025-11-13T01:54:42.654Z In(05) svga SWBScreen: Screen 0 Destroyed: xywh(0, 0, 740, 480) flags=0x3
2025-11-13T01:54:42.662Z In(05) svga SWBScreen: Screen 1 Defined: xywh(0, 0, 2048, 1536) flags=0x2
2025-11-13T01:54:42.663Z In(05) vcpu-0 Guest SVGA Driver reported legacy GuestId = 0x5008
2025-11-13T01:54:42.663Z In(05) svga Guest display topology changed: numDisplays 1
2025-11-13T01:54:42.663Z In(05) svga SWBScreen: Screen 1 Destroyed: xywh(0, 0, 2048, 1536) flags=0x2
2025-11-13T01:54:42.663Z In(05) svga SVGA-ScreenMgr: Screen type changed to TopologyMode
2025-11-13T01:54:42.663Z In(05) svga SWBScreen: Screen 1 Defined: xywh(0, 0, 2048, 1536) flags=0x2
2025-11-13T01:54:42.739Z In(05) vcpu-0 VMMouse: CMD Read ID
2025-11-13T01:54:42.739Z In(05) vcpu-0 VMMouse: CMD Disable
2025-11-13T01:54:42.740Z In(05) vcpu-0 VMMouse: Disabling VMMouse mode
2025-11-13T01:54:42.881Z In(05) vcpu-0 VMMouse: CMD Read ID
2025-11-13T01:54:44.366Z In(05) svga SWBScreen: Screen 1 Destroyed: xywh(0, 0, 2048, 1536) flags=0x2
2025-11-13T01:54:44.367Z In(05) svga Guest display topology changed: numDisplays 1
2025-11-13T01:54:44.368Z In(05) svga SWBScreen: Screen 1 Defined: xywh(0, 0, 1440, 900) flags=0x2
2025-11-13T01:54:44.456Z In(05) DAC1 VTHREAD 3204 "DAC1"
2025-11-13T01:54:44.464Z In(05) vcpu-0 Msg_Post: Warning
2025-11-13T01:54:44.464Z In(05) vcpu-0 [msg.sound.defaultbadwaveopen] The default sound device cannot be opened:
2025-11-13T01:54:44.464Z In(05)+ vcpu-0 시스템의 영역을 벗어난 장치 ID를 사용했습니다.
2025-11-13T01:54:44.464Z In(05) vcpu-0 [msg.pciSound.HostOpenDspChannelFailed] Sound will be disconnected.
2025-11-13T01:54:44.464Z In(05) vcpu-0 ----------------------------------------
2025-11-13T01:54:44.494Z In(05) ADC VTHREAD 8128 "ADC"
2025-11-13T01:54:46.998Z In(05) vcpu-0 DEVSWAP: GuestOS does not require LSI adapter swap.
2025-11-13T01:54:46.998Z In(05) vcpu-0 Guest: toolbox-dnd: Version: build-893888
2025-11-13T01:54:46.999Z Wa(03) vcpu-0 GuestRpc: application toolbox-dnd, changing channel 65535 -> 2
2025-11-13T01:54:46.999Z In(05) vcpu-0 GuestRpc: Channel 2, guest application toolbox-dnd.
2025-11-13T01:54:46.999Z In(05) vcpu-0 TOOLS: appName=toolbox-dnd, oldStatus=0, status=1, guestInitiated=0.
2025-11-13T01:54:47.002Z In(05) vcpu-0 DnDCP: dndGuestVersion from vmdb failed, setting to 4
2025-11-13T01:54:47.002Z In(05) vcpu-0 DnDCP: set guest controllers to version 4
2025-11-13T01:54:47.005Z In(05) vcpu-0 DnDCP: set guest controllers to version 4
2025-11-13T01:54:47.005Z In(05) vcpu-0 DnDCP: set guest controllers to version 4
2025-11-13T01:54:47.008Z No(00) vcpu-0 ConfigDB: Setting unity.wasCapable = "TRUE"
2025-11-13T01:54:47.120Z In(05) vmx Tools_SetGuestResolution: Sending rpcMsg = Resolution_Set 1666 924
2025-11-13T01:54:47.149Z In(05) svga SWBScreen: Screen 1 Destroyed: xywh(0, 0, 1440, 900) flags=0x2
2025-11-13T01:54:47.150Z In(05) svga SWBScreen: Screen 1 Defined: xywh(0, 0, 1440, 900) flags=0x2
2025-11-13T01:54:47.153Z In(05) svga SWBScreen: Screen 1 Destroyed: xywh(0, 0, 1440, 900) flags=0x2
2025-11-13T01:54:47.154Z In(05) svga SWBScreen: Screen 1 Defined: xywh(0, 0, 1440, 900) flags=0x2
2025-11-13T01:54:47.156Z In(05) svga Guest display topology changed: numDisplays 1
2025-11-13T01:54:47.156Z In(05) svga SWBScreen: Screen 1 Destroyed: xywh(0, 0, 1440, 900) flags=0x2
2025-11-13T01:54:47.157Z In(05) svga SWBScreen: Screen 1 Defined: xywh(0, 0, 1666, 924) flags=0x2
2025-11-13T01:54:47.305Z In(05) vcpu-0 DnDCP: set guest controllers to version 4
2025-11-13T01:54:50.432Z Wa(03) vcpu-0 VMMouse: CMD Received 0x53424152 with 4 words of unread data!
2025-11-13T01:57:39.382Z In(05) vcpu-0 CPClipboard_SetItem: Set CPClipboard struct with data of size:37, format:1.
2025-11-13T01:57:45.375Z In(05) vmx Tools_SetGuestResolution: Sending rpcMsg = Resolution_Set 704 923
2025-11-13T01:57:45.508Z In(05) svga SWBScreen: Screen 1 Destroyed: xywh(0, 0, 1666, 924) flags=0x2
2025-11-13T01:57:45.509Z In(05) svga Guest display topology changed: numDisplays 1
2025-11-13T01:57:45.509Z In(05) svga SWBScreen: Screen 1 Defined: xywh(0, 0, 704, 923) flags=0x2
2025-11-13T01:57:59.622Z In(05) vmx Tools_SetGuestResolution: Sending rpcMsg = Resolution_Set 1666 924
2025-11-13T01:57:59.772Z In(05) svga SWBScreen: Screen 1 Destroyed: xywh(0, 0, 704, 923) flags=0x2
2025-11-13T01:57:59.772Z In(05) svga SWBScreen: Screen 1 Defined: xywh(0, 0, 704, 923) flags=0x2
2025-11-13T01:57:59.776Z In(05) svga SWBScreen: Screen 1 Destroyed: xywh(0, 0, 704, 923) flags=0x2
2025-11-13T01:57:59.776Z In(05) svga SWBScreen: Screen 1 Defined: xywh(0, 0, 704, 923) flags=0x2
2025-11-13T01:57:59.778Z In(05) svga Guest display topology changed: numDisplays 1
2025-11-13T01:57:59.779Z In(05) svga SWBScreen: Screen 1 Destroyed: xywh(0, 0, 704, 923) flags=0x2
2025-11-13T01:57:59.779Z In(05) svga SWBScreen: Screen 1 Defined: xywh(0, 0, 1666, 924) flags=0x2
2025-11-13T02:01:02.062Z In(05) vmx CPClipboard_SetItem: Set CPClipboard struct with data of size:171, format:1.
2025-11-13T02:01:13.709Z In(05) vcpu-0 CPClipboard_SetItem: Set CPClipboard struct with data of size:171, format:1.
2025-11-13T02:03:47.100Z In(05) vcpu-0 CPClipboard_SetItem: Set CPClipboard struct with data of size:171, format:1.
2025-11-13T02:03:55.653Z In(05) mks MKS-VMDB: VMDB requested a screenshot
2025-11-13T02:03:55.653Z In(05) svga MKSScreenShotMgr: Taking a screenshot
2025-11-13T02:24:14.205Z In(05) vmx MemSched: caller 0 numvm 1 locked pages: num 213812 max 3521024
2025-11-13T02:24:14.205Z In(05) vmx MemSched: locked Page Limit: host 3947047 config 3529216
2025-11-13T02:24:14.205Z In(05) vmx MemSched: minmempct 50  timestamp 46708
2025-11-13T02:24:14.205Z In(05) vmx MemSched: VM 0 min 168694 max 299766 shares 262144 paged 210995 nonpaged 34822 anonymous 2800 locked 213812 touchedPct 26 dirtiedPct 15 timestamp 46708 vmResponsive is 1
2025-11-13T02:24:14.205Z In(05) vmx MemSched: locked 213812 target 299766 balloon 0 0 168242 swapped 21777 0 allocd 0 512 state 0 100
2025-11-13T02:24:14.205Z In(05) vmx MemSched: states: 0 1801 : 1 0 : 2 0 : 3 0
2025-11-13T02:24:14.205Z In(05) vmx MemSched: Balloon enabled 1 guestType 1 maxSize 258834
2025-11-13T02:45:16.574Z In(05) vmx CPClipboard_SetItem: Set CPClipboard struct with data of size:61, format:1.
2025-11-13T02:45:16.824Z In(05) vcpu-0 CPClipboard_SetItem: Set CPClipboard struct with data of size:61, format:1.
2025-11-13T02:47:15.751Z In(05) vcpu-0 SOUNDLIB: Creating WAVE backend stream.
2025-11-13T02:47:15.764Z In(05) vcpu-0 SOUNDLIB: SoundWaveSelectHostDevice: Found device F2775K(NVIDIA High Definition A
2025-11-13T02:47:15.808Z In(05) vcpu-0 SOUNDLIB: SoundWaveComputeBufferParams: Initializing 7 buffers of length 2210, capable of holding a total of 175396 usecs of sound.
2025-11-13T02:47:15.809Z In(05) soundWavePlayback0 VTHREAD 15188 "soundWavePlayback0"
2025-11-13T02:47:15.809Z In(05) soundWavePlayback0 SOUNDLIB: SoundWaveThread: Poll thread entered : id(15188)
2025-11-13T02:47:15.809Z In(05) vcpu-0 SOUNDLIB: SoundWaveCreateStream: Created poll thread : id(15188)
2025-11-13T02:47:15.809Z In(05) vcpu-0 SOUNDLIB: Starting WAVE stream 2018AD893B0.
2025-11-13T02:48:07.421Z In(05) vmx SOUNDLIB: Stopping WAVE stream 2018AD893B0.
2025-11-13T02:48:07.428Z In(05) vmx SOUNDLIB: Closing WAVE stream 2018AD893B0.
2025-11-13T02:48:07.428Z In(05) vmx SOUNDLIB: SoundWaveCloseStream: Destroying poll thread : id(15188)
2025-11-13T02:48:07.428Z In(05) soundWavePlayback0 SOUNDLIB: SoundWaveThread: Poll thread exited : id(15188)
2025-11-13T02:48:27.637Z In(05) vcpu-0 CPClipboard_SetItem: Set CPClipboard struct with data of size:61, format:1.
2025-11-13T02:49:09.862Z In(05) vcpu-0 CPClipboard_SetItem: Set CPClipboard struct with data of size:39, format:1.
2025-11-13T02:49:46.614Z In(05) vcpu-0 CPClipboard_SetItem: Set CPClipboard struct with data of size:18, format:1.
2025-11-13T02:49:54.772Z In(05) vcpu-0 CPClipboard_SetItem: Set CPClipboard struct with data of size:39, format:1.
2025-11-13T02:49:55.313Z In(05) mks MKS-VMDB: VMDB requested a screenshot
2025-11-13T02:49:55.313Z In(05) svga MKSScreenShotMgr: Taking a screenshot
2025-11-13T02:50:02.578Z In(05) vcpu-0 CPClipboard_SetItem: Set CPClipboard struct with data of size:18, format:1.
2025-11-13T02:50:03.088Z In(05) mks MKS-VMDB: VMDB requested a screenshot
2025-11-13T02:50:03.088Z In(05) svga MKSScreenShotMgr: Taking a screenshot
2025-11-13T02:50:26.605Z In(05) vcpu-0 CPClipboard_SetItem: Set CPClipboard struct with data of size:39, format:1.
2025-11-13T02:51:12.392Z In(05) vcpu-0 CPClipboard_SetItem: Set CPClipboard struct with data of size:11, format:1.
2025-11-13T02:54:14.343Z In(05) vmx MemSched: caller 0 numvm 1 locked pages: num 189565 max 3521024
2025-11-13T02:54:14.343Z In(05) vmx MemSched: locked Page Limit: host 3945948 config 3529216
2025-11-13T02:54:14.343Z In(05) vmx MemSched: minmempct 50  timestamp 48508
2025-11-13T02:54:14.343Z In(05) vmx MemSched: VM 0 min 168694 max 299766 shares 262144 paged 210995 nonpaged 34822 anonymous 2800 locked 189565 touchedPct 19 dirtiedPct 7 timestamp 48508 vmResponsive is 1
2025-11-13T02:54:14.343Z In(05) vmx MemSched: locked 189565 target 299766 balloon 0 0 168242 swapped 46859 0 allocd 0 512 state 0 100
2025-11-13T02:54:14.343Z In(05) vmx MemSched: states: 0 3601 : 1 0 : 2 0 : 3 0
2025-11-13T02:54:14.343Z In(05) vmx MemSched: Balloon enabled 1 guestType 1 maxSize 258834
2025-11-13T02:59:10.478Z In(05) vcpu-0 SOUNDLIB: Creating WAVE backend stream.
2025-11-13T02:59:10.484Z In(05) vcpu-0 SOUNDLIB: SoundWaveSelectHostDevice: Found device F2775K(NVIDIA High Definition A
2025-11-13T02:59:10.534Z In(05) vcpu-0 SOUNDLIB: SoundWaveComputeBufferParams: Initializing 7 buffers of length 2210, capable of holding a total of 175396 usecs of sound.
2025-11-13T02:59:10.535Z In(05) soundWavePlayback1 VTHREAD 11292 "soundWavePlayback1"
2025-11-13T02:59:10.535Z In(05) soundWavePlayback1 SOUNDLIB: SoundWaveThread: Poll thread entered : id(11292)
2025-11-13T02:59:10.535Z In(05) vcpu-0 SOUNDLIB: SoundWaveCreateStream: Created poll thread : id(11292)
2025-11-13T02:59:10.535Z In(05) vcpu-0 SOUNDLIB: Starting WAVE stream 2018AD884B0.
2025-11-13T02:59:39.075Z In(05) vmx SOUNDLIB: Stopping WAVE stream 2018AD884B0.
2025-11-13T02:59:39.080Z In(05) vmx SOUNDLIB: Closing WAVE stream 2018AD884B0.
2025-11-13T02:59:39.080Z In(05) vmx SOUNDLIB: SoundWaveCloseStream: Destroying poll thread : id(11292)
2025-11-13T02:59:39.080Z In(05) soundWavePlayback1 SOUNDLIB: SoundWaveThread: Poll thread exited : id(11292)
2025-11-13T03:01:55.151Z In(05) vcpu-0 CPClipboard_SetItem: Set CPClipboard struct with data of size:11, format:1.
2025-11-13T03:02:03.686Z In(05) vcpu-0 CPClipboard_SetItem: Set CPClipboard struct with data of size:11, format:1.
2025-11-13T03:02:16.053Z In(05) vcpu-0 CPClipboard_SetItem: Set CPClipboard struct with data of size:11, format:1.
2025-11-13T03:04:07.647Z In(05) vcpu-0 CPClipboard_SetItem: Set CPClipboard struct with data of size:12, format:1.
2025-11-13T03:04:08.522Z In(05) mks MKS-VMDB: VMDB requested a screenshot
2025-11-13T03:04:08.522Z In(05) svga MKSScreenShotMgr: Taking a screenshot
2025-11-13T03:24:14.455Z In(05) vmx MemSched: caller 0 numvm 1 locked pages: num 168694 max 3521024
2025-11-13T03:24:14.455Z In(05) vmx MemSched: locked Page Limit: host 3942558 config 3529216
2025-11-13T03:24:14.455Z In(05) vmx MemSched: minmempct 50  timestamp 50308
2025-11-13T03:24:14.455Z In(05) vmx MemSched: VM 0 min 168694 max 299766 shares 262144 paged 210995 nonpaged 34822 anonymous 2800 locked 168694 touchedPct 3 dirtiedPct 0 timestamp 50308 vmResponsive is 1
2025-11-13T03:24:14.456Z In(05) vmx MemSched: locked 168694 target 299766 balloon 0 0 168242 swapped 67832 0 allocd 0 512 state 0 100
2025-11-13T03:24:14.456Z In(05) vmx MemSched: states: 0 5401 : 1 0 : 2 0 : 3 0
2025-11-13T03:24:14.456Z In(05) vmx MemSched: Balloon enabled 1 guestType 1 maxSize 258834
2025-11-13T03:54:14.514Z In(05) vmx MemSched: caller 0 numvm 1 locked pages: num 168694 max 3521024
2025-11-13T03:54:14.514Z In(05) vmx MemSched: locked Page Limit: host 3945151 config 3529216
2025-11-13T03:54:14.514Z In(05) vmx MemSched: minmempct 50  timestamp 52108
2025-11-13T03:54:14.514Z In(05) vmx MemSched: VM 0 min 168694 max 299766 shares 262144 paged 210995 nonpaged 34822 anonymous 2800 locked 168694 touchedPct 2 dirtiedPct 0 timestamp 52108 vmResponsive is 1
2025-11-13T03:54:14.514Z In(05) vmx MemSched: locked 168694 target 299766 balloon 0 0 168242 swapped 67832 0 allocd 0 512 state 0 100
2025-11-13T03:54:14.514Z In(05) vmx MemSched: states: 0 7201 : 1 0 : 2 0 : 3 0
2025-11-13T03:54:14.514Z In(05) vmx MemSched: Balloon enabled 1 guestType 1 maxSize 258834
2025-11-13T04:24:14.577Z In(05) vmx MemSched: caller 0 numvm 1 locked pages: num 168694 max 3521024
2025-11-13T04:24:14.577Z In(05) vmx MemSched: locked Page Limit: host 3944117 config 3529216
2025-11-13T04:24:14.577Z In(05) vmx MemSched: minmempct 50  timestamp 53908
2025-11-13T04:24:14.577Z In(05) vmx MemSched: VM 0 min 168694 max 299766 shares 262144 paged 210995 nonpaged 34822 anonymous 2800 locked 168694 touchedPct 4 dirtiedPct 0 timestamp 53908 vmResponsive is 1
2025-11-13T04:24:14.578Z In(05) vmx MemSched: locked 168694 target 299766 balloon 0 0 168242 swapped 67832 0 allocd 0 512 state 0 100
2025-11-13T04:24:14.578Z In(05) vmx MemSched: states: 0 9001 : 1 0 : 2 0 : 3 0
2025-11-13T04:24:14.578Z In(05) vmx MemSched: Balloon enabled 1 guestType 1 maxSize 258834
2025-11-13T04:30:44.617Z In(05) vcpu-0 CPClipboard_SetItem: Set CPClipboard struct with data of size:12, format:1.
2025-11-13T04:30:45.281Z In(05) mks MKS-VMDB: VMDB requested a screenshot
2025-11-13T04:30:45.281Z In(05) svga MKSScreenShotMgr: Taking a screenshot
2025-11-13T04:43:58.466Z In(05) vmx CPClipboard_SetItem: Set CPClipboard struct with data of size:265, format:1.
2025-11-13T04:44:02.402Z In(05) mks MKS-VMDB: VMDB requested a screenshot
2025-11-13T04:44:02.402Z In(05) svga MKSScreenShotMgr: Taking a screenshot
2025-11-13T04:44:13.562Z In(05) mks MKS-VMDB: VMDB requested a screenshot
2025-11-13T04:44:13.562Z In(05) svga MKSScreenShotMgr: Taking a screenshot
2025-11-13T04:44:50.906Z In(05) mks MKS-VMDB: VMDB requested a screenshot
2025-11-13T04:44:50.906Z In(05) svga MKSScreenShotMgr: Taking a screenshot
2025-11-13T04:44:56.748Z In(05) mks MKS-VMDB: VMDB requested a screenshot
2025-11-13T04:44:56.749Z In(05) svga MKSScreenShotMgr: Taking a screenshot
2025-11-13T04:44:56.907Z In(05) mks SWBWindow: Number of MKSWindows changed: 2 rendering MKSWindow(s) of total 2.
2025-11-13T04:44:56.944Z In(05) mks SWBWindow: Window #0 validation failed: no valid host window or host surface.
2025-11-13T04:44:56.944Z In(05) mks SWBVmdb: Destroy SWB Window Id #0 because an invalid MKSWindow definition is received from UI over VMDB.
2025-11-13T04:44:56.951Z In(05) mks SWBWindow: Window 0 Destroyed: src screenId=-1, src xywh(0, 0, 1666, 924) dest xywh(0, 0, 1666, 924) pixelScale=1, flags=0x7
2025-11-13T04:44:56.952Z In(05) mks SWBWindow: Number of MKSWindows changed: 1 rendering MKSWindow(s) of total 1.
2025-11-13T04:44:56.952Z In(05) mks SWBWindow: Window #1 validation failed: no valid host window or host surface.
2025-11-13T04:44:56.952Z In(05) mks SWBVmdb: Destroy SWB Window Id #1 because an invalid MKSWindow definition is received from UI over VMDB.
2025-11-13T04:44:56.952Z In(05) mks SWBWindow: Window 1 Destroyed: src screenId=-1, src xywh(0, 0, 1666, 924) dest xywh(0, 0, 1666, 924) pixelScale=1, flags=0xC
2025-11-13T04:44:56.953Z In(05) mks MKS-HWinMux: Backend Switch Queued
2025-11-13T04:44:56.953Z In(05) mks SWBWindow: Number of MKSWindows changed: 0 rendering MKSWindow(s) of total 0.
2025-11-13T04:44:56.954Z In(05) mks GDI-Backend: stopped by HWinMux to do window composition.
2025-11-13T04:54:14.680Z In(05) vmx MemSched: caller 0 numvm 2 locked pages: num 460541 max 3512832
2025-11-13T04:54:14.680Z In(05) vmx MemSched: locked Page Limit: host 3936618 config 3529216
2025-11-13T04:54:14.680Z In(05) vmx MemSched: minmempct 50  timestamp 55708
2025-11-13T04:54:14.680Z In(05) vmx MemSched: VM 0 min 168694 max 299766 shares 262144 paged 210995 nonpaged 34822 anonymous 2800 locked 168694 touchedPct 3 dirtiedPct 0 timestamp 55708 vmResponsive is 1
2025-11-13T04:54:14.681Z In(05) vmx MemSched: VM 1 min 534555 max 1058843 shares 1048576 paged 608922 nonpaged 4283 anonymous 5984 locked 291847 touchedPct 19 dirtiedPct 18 timestamp 55707 vmResponsive is 1
2025-11-13T04:54:14.681Z In(05) vmx MemSched: locked 168694 target 299766 balloon 0 0 168242 swapped 67832 0 allocd 0 512 state 0 100
2025-11-13T04:54:14.681Z In(05) vmx MemSched: states: 0 10801 : 1 0 : 2 0 : 3 0
2025-11-13T04:54:14.681Z In(05) vmx MemSched: Balloon enabled 1 guestType 1 maxSize 258834
2025-11-13T05:17:59.114Z In(05) mks SWBWindow: Number of MKSWindows changed: 1 rendering MKSWindow(s) of total 1.
2025-11-13T05:17:59.114Z In(05) mks SWBWindow: Window 0 Defined: src screenId=-1, src xywh(0, 0, 1666, 924) dest xywh(0, 0, 1666, 924) pixelScale=1, flags=0x7
2025-11-13T05:17:59.114Z In(05) mks MKS-HWinMux: Backend Switch Queued
2025-11-13T05:17:59.114Z In(05) mks SWBWindow: Number of MKSWindows changed: 1 rendering MKSWindow(s) of total 2.
2025-11-13T05:17:59.114Z In(05) mks SWBWindow: Window 1 Defined: src screenId=-1, src xywh(0, 0, 1666, 924) dest xywh(0, 0, 100, 100) pixelScale=1, flags=0x8
2025-11-13T05:17:59.114Z In(05) mks MKS-HWinMux: Backend Switch Queued
2025-11-13T05:17:59.115Z In(05) mks GDI-Backend: successfully started by HWinMux to do window composition.
2025-11-13T05:17:59.123Z In(05) mks MKS-HWinMux: Started GDI presentation backend.
2025-11-13T05:17:59.935Z In(05) vmx CPClipboard_SetItem: Set CPClipboard struct with data of size:265, format:1.
2025-11-13T05:24:14.792Z In(05) vmx MemSched: caller 0 numvm 2 locked pages: num 460603 max 3512832
2025-11-13T05:24:14.792Z In(05) vmx MemSched: locked Page Limit: host 3936468 config 3529216
2025-11-13T05:24:14.792Z In(05) vmx MemSched: minmempct 50  timestamp 57508
2025-11-13T05:24:14.792Z In(05) vmx MemSched: VM 0 min 168694 max 299766 shares 262144 paged 210995 nonpaged 34822 anonymous 2800 locked 168694 touchedPct 3 dirtiedPct 0 timestamp 57508 vmResponsive is 1
2025-11-13T05:24:14.792Z In(05) vmx MemSched: VM 1 min 534555 max 1058843 shares 1048576 paged 608922 nonpaged 4283 anonymous 5984 locked 291909 touchedPct 3 dirtiedPct 1 timestamp 57508 vmResponsive is 1
2025-11-13T05:24:14.792Z In(05) vmx MemSched: locked 168694 target 299766 balloon 0 0 168242 swapped 67832 0 allocd 0 512 state 0 100
2025-11-13T05:24:14.792Z In(05) vmx MemSched: states: 0 12601 : 1 0 : 2 0 : 3 0
2025-11-13T05:24:14.792Z In(05) vmx MemSched: Balloon enabled 1 guestType 1 maxSize 258834
2025-11-13T05:32:35.543Z In(05) mks MKS-VMDB: VMDB requested a screenshot
2025-11-13T05:32:35.543Z In(05) svga MKSScreenShotMgr: Taking a screenshot
2025-11-13T05:32:35.626Z In(05) mks SWBWindow: Number of MKSWindows changed: 0 rendering MKSWindow(s) of total 2.
2025-11-13T05:32:35.647Z In(05) mks SWBWindow: Window #0 validation failed: no valid host window or host surface.
2025-11-13T05:32:35.647Z In(05) mks SWBVmdb: Destroy SWB Window Id #0 because an invalid MKSWindow definition is received from UI over VMDB.
2025-11-13T05:32:35.647Z In(05) mks SWBWindow: Window 0 Destroyed: src screenId=-1, src xywh(0, 0, 1666, 924) dest xywh(0, 0, 1666, 924) pixelScale=1, flags=0x3
2025-11-13T05:32:35.647Z In(05) mks SWBWindow: Number of MKSWindows changed: 0 rendering MKSWindow(s) of total 1.
2025-11-13T05:32:35.647Z In(05) mks SWBWindow: Window #1 validation failed: no valid host window or host surface.
2025-11-13T05:32:35.647Z In(05) mks SWBVmdb: Destroy SWB Window Id #1 because an invalid MKSWindow definition is received from UI over VMDB.
2025-11-13T05:32:35.647Z In(05) mks SWBWindow: Window 1 Destroyed: src screenId=-1, src xywh(0, 0, 1666, 924) dest xywh(0, 0, 100, 100) pixelScale=1, flags=0x8
2025-11-13T05:32:35.647Z In(05) mks MKS-HWinMux: Backend Switch Queued
2025-11-13T05:32:35.647Z In(05) mks SWBWindow: Number of MKSWindows changed: 0 rendering MKSWindow(s) of total 0.
2025-11-13T05:32:35.648Z In(05) mks GDI-Backend: stopped by HWinMux to do window composition.
2025-11-13T05:38:19.930Z In(05) mks SWBWindow: Number of MKSWindows changed: 1 rendering MKSWindow(s) of total 1.
2025-11-13T05:38:19.930Z In(05) mks SWBWindow: Window 0 Defined: src screenId=-1, src xywh(0, 0, 1666, 924) dest xywh(0, 0, 1666, 924) pixelScale=1, flags=0x7
2025-11-13T05:38:19.930Z In(05) mks MKS-HWinMux: Backend Switch Queued
2025-11-13T05:38:19.930Z In(05) mks SWBWindow: Number of MKSWindows changed: 1 rendering MKSWindow(s) of total 2.
2025-11-13T05:38:19.930Z In(05) mks SWBWindow: Window 1 Defined: src screenId=-1, src xywh(0, 0, 1666, 924) dest xywh(0, 0, 100, 100) pixelScale=1, flags=0x8
2025-11-13T05:38:19.930Z In(05) mks MKS-HWinMux: Backend Switch Queued
2025-11-13T05:38:19.932Z In(05) mks GDI-Backend: successfully started by HWinMux to do window composition.
2025-11-13T05:38:19.941Z In(05) mks MKS-HWinMux: Started GDI presentation backend.
2025-11-13T05:38:20.472Z In(05) vmx CPClipboard_SetItem: Set CPClipboard struct with data of size:54, format:1.
2025-11-13T05:38:29.352Z In(05) vcpu-0 DnDCP: set guest controllers to version 4
2025-11-13T05:38:29.352Z In(05) vcpu-0 DnDCP: set guest controllers to version 4
2025-11-13T05:38:29.355Z No(00) vcpu-0 ConfigDB: Unsetting "unity.wasCapable"
2025-11-13T05:38:29.417Z In(05) vcpu-0 GuestRpc: Channel 2, unable to send an rpc.
2025-11-13T05:38:29.417Z In(05) vcpu-0 GuestRpc: Reinitializing Channel 2(toolbox-dnd)
2025-11-13T05:38:29.417Z In(05) vcpu-0 TOOLS: appName=toolbox-dnd, oldStatus=1, status=0, guestInitiated=0.
2025-11-13T05:38:29.759Z In(05) vcpu-0 VMMouse: CMD Disable
2025-11-13T05:38:29.759Z In(05) vcpu-0 VMMouse: Disabling VMMouse mode
2025-11-13T05:38:31.357Z In(05) svga SWBScreen: Screen 1 Destroyed: xywh(0, 0, 1666, 924) flags=0x2
2025-11-13T05:38:31.358Z In(05) svga SVGA-ScreenMgr: Screen type changed to RegisterMode
2025-11-13T05:38:31.358Z In(05) svga SWBScreen: Screen 1 Defined: xywh(0, 0, 1666, 924) flags=0x2
2025-11-13T05:38:31.365Z In(05) svga SWBScreen: Screen 1 Destroyed: xywh(0, 0, 1666, 924) flags=0x2
2025-11-13T05:38:31.366Z In(05) svga SWBScreen: Screen 1 Defined: xywh(0, 0, 800, 924) flags=0x2
2025-11-13T05:38:31.369Z In(05) svga SWBScreen: Screen 1 Destroyed: xywh(0, 0, 800, 924) flags=0x2
2025-11-13T05:38:31.369Z In(05) svga SWBScreen: Screen 1 Defined: xywh(0, 0, 800, 600) flags=0x2
2025-11-13T05:38:31.371Z In(05) svga SWBScreen: Screen 1 Destroyed: xywh(0, 0, 800, 600) flags=0x2
2025-11-13T05:38:31.372Z In(05) svga SWBScreen: Screen 1 Defined: xywh(0, 0, 800, 600) flags=0x2
2025-11-13T05:38:31.388Z In(05) mks SWBWindow: No more window events will be logged.
2025-11-13T05:38:31.447Z In(05) vcpu-0 SVGA: Unregistering IOSpace at 0x1070
2025-11-13T05:38:31.447Z In(05) vcpu-0 SVGA: Unregistering MemSpace at 0xe8000000(0xe8000000) and 0xfe000000(0xfe000000)
2025-11-13T05:38:31.447Z In(05) vcpu-0 SVGA: FIFO is already mapped
2025-11-13T05:38:31.448Z In(05) vcpu-0 SVGA: Registering IOSpace at 0x1070
2025-11-13T05:38:31.448Z In(05) vcpu-0 SVGA: Registering MemSpace at 0xe8000000(0xe8000000) and 0xfe000000(0xfe000000)
2025-11-13T05:38:31.448Z In(05) vcpu-0 SVGA: FIFO is already mapped
2025-11-13T05:38:31.474Z In(05) svga SVGA disabling SVGA
2025-11-13T05:38:31.474Z In(05) svga SWBScreen: Screen 1 Destroyed: xywh(0, 0, 800, 600) flags=0x2
2025-11-13T05:38:31.479Z In(05) svga SWBScreen: Screen 0 Defined: xywh(0, 0, 720, 400) flags=0x3
2025-11-13T05:38:31.605Z In(05) svga SVGA enabling SVGA
2025-11-13T05:38:31.605Z In(05) svga SWBScreen: Screen 0 Destroyed: xywh(0, 0, 720, 400) flags=0x3
2025-11-13T05:38:31.618Z In(05) svga SWBScreen: Screen 1 Defined: xywh(0, 0, 800, 600) flags=0x2
2025-11-13T05:38:46.959Z In(05) vmx GuestRpcSendTimedOut: message to toolbox-dnd timed out.
2025-11-13T05:38:47.555Z In(05) mks MKS-VMDB: VMDB requested a screenshot
2025-11-13T05:38:47.555Z In(05) svga MKSScreenShotMgr: Taking a screenshot
2025-11-13T05:38:47.680Z In(05) mks SWBWindow: Number of MKSWindows changed: 2 rendering MKSWindow(s) of total 2.
2025-11-13T05:38:47.741Z In(05) mks SWBWindow: Number of MKSWindows changed: 1 rendering MKSWindow(s) of total 2.
2025-11-13T05:38:48.238Z In(05) svga SVGA disabling SVGA
2025-11-13T05:38:48.239Z In(05) svga SWBScreen: Screen 1 Destroyed: xywh(0, 0, 800, 600) flags=0x2
2025-11-13T05:38:48.241Z In(05) svga SWBScreen: Screen 0 Defined: xywh(0, 0, 720, 400) flags=0x3
2025-11-13T05:39:07.476Z In(05) vcpu-0 TOOLS autoupgrade protocol version 0
2025-11-13T05:39:07.489Z In(05) vcpu-0 GuestRpc: Reinitializing Channel 0(toolbox)
2025-11-13T05:39:07.489Z In(05) vcpu-0 Tools: [AppStatus] Last heartbeat value 13473 (last received 0s ago)
2025-11-13T05:39:07.489Z In(05) vcpu-0 TOOLS: appName=toolbox, oldStatus=1, status=0, guestInitiated=1.
2025-11-13T05:39:12.666Z In(05) svga SVGA enabling SVGA
2025-11-13T05:39:12.666Z In(05) svga SWBScreen: Screen 0 Destroyed: xywh(0, 0, 720, 400) flags=0x3
2025-11-13T05:39:12.672Z In(05) svga SWBScreen: Screen 1 Defined: xywh(0, 0, 800, 600) flags=0x2
2025-11-13T05:39:13.994Z Wa(03) vcpu-0 Balloon: Start: vmmemctl reset balloon
2025-11-13T05:39:17.353Z In(05) vcpu-0 PIIX4: PM Soft Off.  Good-bye.
2025-11-13T05:39:17.353Z In(05) vcpu-0 Chipset: The guest has requested that the virtual machine be powered off.
2025-11-13T05:39:17.353Z No(00) vcpu-0 ConfigDB: Setting softPowerOff = "TRUE"
2025-11-13T05:39:17.458Z In(05) vcpu-0 VMX: Issuing power-off request...
2025-11-13T05:39:17.458Z In(05) vmx Stopping VCPU threads...
2025-11-13T05:39:17.459Z In(05) vmx Stopping MKS/SVGA threads
2025-11-13T05:39:17.459Z In(05) vmx MKSThread: Requesting MKS exit
2025-11-13T05:39:17.459Z In(05) svga MKSThread: SVGA thread is exiting the main loop
2025-11-13T05:39:17.460Z In(05) svga SWBScreen: Screen 1 Destroyed: xywh(0, 0, 800, 600) flags=0x2
2025-11-13T05:39:17.461Z In(05) mks SWBWindow: Number of MKSWindows changed: 0 rendering MKSWindow(s) of total 1.
2025-11-13T05:39:17.462Z In(05) mks MKS-HWinMux: Backend Switch Queued
2025-11-13T05:39:17.462Z In(05) mks SWBWindow: Number of MKSWindows changed: 0 rendering MKSWindow(s) of total 0.
2025-11-13T05:39:17.475Z In(05) vmx MKS/SVGA threads are stopped
2025-11-13T05:39:17.476Z In(05) vmx USB: DevID(200000050e0f0003): Disconnecting device.
2025-11-13T05:39:17.476Z In(05) vmx 
2025-11-13T05:39:17.476Z In(05)+ vmx OvhdMem: Final (Power Off) Overheads
2025-11-13T05:39:17.476Z In(05) vmx                                                       reserved      |          used
2025-11-13T05:39:17.477Z In(05) vmx OvhdMem excluded                                  cur    max    avg |    cur    max    avg
2025-11-13T05:39:17.477Z In(05) vmx OvhdMem OvhdUser_MainMem                    :  262144 262144      - | 171351 209817      -
2025-11-13T05:39:17.477Z In(05) vmx OvhdMem OvhdUser_VmxText                    :    7936   7936      - |      0      0      -
2025-11-13T05:39:17.477Z In(05) vmx OvhdMem OvhdUser_VmxTextLibs                :   17408  17408      - |      0      0      -
2025-11-13T05:39:17.477Z In(05) vmx OvhdMem Total excluded                      :  287488 287488      - |      -      -      -
2025-11-13T05:39:17.477Z In(05) vmx OvhdMem Actual maximum                      :         287488        |             -
2025-11-13T05:39:17.477Z In(05)+ vmx 
2025-11-13T05:39:17.477Z In(05) vmx                                                       reserved      |          used
2025-11-13T05:39:17.477Z In(05) vmx OvhdMem paged                                     cur    max    avg |    cur    max    avg
2025-11-13T05:39:17.477Z In(05) vmx OvhdMem OvhdUser_STATS_vmm                  :       2      2      - |      0      0      -
2025-11-13T05:39:17.477Z In(05) vmx OvhdMem OvhdUser_STATS_device               :       1      1      - |      0      0      -
2025-11-13T05:39:17.477Z In(05) vmx OvhdMem OvhdUser_DiskLibMemUsed             :    3075   3075      - |      0      0      -
2025-11-13T05:39:17.477Z In(05) vmx OvhdMem OvhdUser_SvgaSDirtyCache            :      96     96      - |      0      0      -
2025-11-13T05:39:17.477Z In(05) vmx OvhdMem OvhdUser_SvgaCursor                 :      10     10      - |     10     10      -
2025-11-13T05:39:17.477Z In(05) vmx OvhdMem OvhdUser_VmxGlobals                 :   10240  10240      - |      0      0      -
2025-11-13T05:39:17.477Z In(05) vmx OvhdMem OvhdUser_VmxGlobalsLibs             :    3584   3584      - |      0      0      -
2025-11-13T05:39:17.477Z In(05) vmx OvhdMem OvhdUser_VmxHeap                    :    8704   8704      - |      0      0      -
2025-11-13T05:39:17.477Z In(05) vmx OvhdMem OvhdUser_VmxMks                     :      49     49      - |     17     17      -
2025-11-13T05:39:17.477Z In(05) vmx OvhdMem OvhdUser_VmxMksRenderOps            :     678    678      - |    492    492      -
2025-11-13T05:39:17.477Z In(05) vmx OvhdMem OvhdUser_VmxMks3d                   :       1      1      - |      0      0      -
2025-11-13T05:39:17.477Z In(05) vmx OvhdMem OvhdUser_VmxMksScreenTemp           :   37122  37122      - |      0      0      -
2025-11-13T05:39:17.478Z In(05) vmx OvhdMem OvhdUser_VmxMksVnc                  :   38236  38236      - |      0      0      -
2025-11-13T05:39:17.478Z In(05) vmx OvhdMem OvhdUser_VmxMksScreen               :   65539  65539      - |      0   3073      -
2025-11-13T05:39:17.478Z In(05) vmx OvhdMem OvhdUser_VmxMksSVGAVO               :    4096   4096      - |      0      0      -
2025-11-13T05:39:17.478Z In(05) vmx OvhdMem OvhdUser_VmxMksSwbCursor            :    4096   4096      - |      0      0      -
2025-11-13T05:39:17.478Z In(05) vmx OvhdMem OvhdUser_VmxPhysMemErrPages         :      10     10      - |      0      0      -
2025-11-13T05:39:17.478Z In(05) vmx OvhdMem OvhdUser_VmxSLEntryBuf              :     128    128      - |      0      0      -
2025-11-13T05:39:17.478Z In(05) vmx OvhdMem OvhdUser_VmxThreads                 :   35328  35328      - |      0      0      -
2025-11-13T05:39:17.478Z In(05) vmx OvhdMem Total paged                         :  210995 210995      - |    519   3592      -
2025-11-13T05:39:17.478Z In(05) vmx OvhdMem Actual maximum                      :         210995        |        210995
2025-11-13T05:39:17.478Z In(05)+ vmx 
2025-11-13T05:39:17.478Z In(05) vmx                                                       reserved      |          used
2025-11-13T05:39:17.478Z In(05) vmx OvhdMem nonpaged                                  cur    max    avg |    cur    max    avg
2025-11-13T05:39:17.478Z In(05) vmx OvhdMem OvhdUser_SharedArea                 :     137    137      - |    122    122      -
2025-11-13T05:39:17.478Z In(05) vmx OvhdMem OvhdUser_BusMemTraceBitmap          :      14     14      - |      0      0      -
2025-11-13T05:39:17.478Z In(05) vmx OvhdMem OvhdUser_PFrame                     :     755   1792      - |    755    755      -
2025-11-13T05:39:17.478Z In(05) vmx OvhdMem OvhdUser_VIDE_KSEG                  :      16     16      - |     16     16      -
2025-11-13T05:39:17.478Z In(05) vmx OvhdMem OvhdUser_VGA                        :      64     64      - |     64     64      -
2025-11-13T05:39:17.478Z In(05) vmx OvhdMem OvhdUser_BalloonMPN                 :       1      1      - |      1      1      -
2025-11-13T05:39:17.478Z In(05) vmx OvhdMem OvhdUser_P2MUpdateBuffer            :       3      3      - |      0      0      -
2025-11-13T05:39:17.478Z In(05) vmx OvhdMem OvhdUser_ServicesMPN                :       3      3      - |      2      2      -
2025-11-13T05:39:17.478Z In(05) vmx OvhdMem OvhdUser_LocalApic                  :       1      1      - |      1      1      -
2025-11-13T05:39:17.478Z In(05) vmx OvhdMem OvhdUser_VBIOS                      :       8      8      - |      8      8      -
2025-11-13T05:39:17.479Z In(05) vmx OvhdMem OvhdUser_VnicGuest                  :      16     16      - |     16     16      -
2025-11-13T05:39:17.479Z In(05) vmx OvhdMem OvhdUser_LSIBIOS                    :       4      4      - |      2      2      -
2025-11-13T05:39:17.479Z In(05) vmx OvhdMem OvhdUser_LSIRings                   :       4      4      - |      0      0      -
2025-11-13T05:39:17.479Z In(05) vmx OvhdMem OvhdUser_SAS1068BIOS                :       4      4      - |      0      0      -
2025-11-13T05:39:17.479Z In(05) vmx OvhdMem OvhdUser_SBIOS                      :      16     16      - |      0      0      -
2025-11-13T05:39:17.479Z In(05) vmx OvhdMem OvhdUser_FlashRam                   :     128    128      - |     58     58      -
2025-11-13T05:39:17.479Z In(05) vmx OvhdMem OvhdUser_SVGAFB                     :   32768  32768      - |   3072   3072      -
2025-11-13T05:39:17.479Z In(05) vmx OvhdMem OvhdUser_SVGAMEM                    :     512    512      - |    512    512      -
2025-11-13T05:39:17.479Z In(05) vmx OvhdMem OvhdUser_HDAudioReg                 :       3      3      - |      0      0      -
2025-11-13T05:39:17.479Z In(05) vmx OvhdMem OvhdUser_EHCIRegister               :       1      1      - |      1      1      -
2025-11-13T05:39:17.479Z In(05) vmx OvhdMem OvhdUser_XhciRegister               :       1      1      - |      0      0      -
2025-11-13T05:39:17.479Z In(05) vmx OvhdMem OvhdUser_HyperV                     :       2      2      - |      0      0      -
2025-11-13T05:39:17.479Z In(05) vmx OvhdMem OvhdUser_ExtCfg                     :       4      4      - |      2      2      -
2025-11-13T05:39:17.479Z In(05) vmx OvhdMem OvhdUser_vhvCachedVMCS              :       1      1      - |      0      0      -
2025-11-13T05:39:17.479Z In(05) vmx OvhdMem OvhdUser_vhvNestedAPIC              :       1      1      - |      0      0      -
2025-11-13T05:39:17.479Z In(05) vmx OvhdMem OvhdUser_LBR                        :       1      1      - |      0      0      -
2025-11-13T05:39:17.479Z In(05) vmx OvhdMem OvhdUser_MonWired                   :      35     35      - |     35     35      -
2025-11-13T05:39:17.479Z In(05) vmx OvhdMem OvhdUser_MonNuma                    :     248    248      - |      0      0      -
2025-11-13T05:39:17.479Z In(05) vmx OvhdMem OvhdUser_NVDC                       :       1      1      - |      0      0      -
2025-11-13T05:39:17.479Z In(05) vmx OvhdMem OvhdUser_PCIeMMIOArea               :      70     70      - |     34     34      -
2025-11-13T05:39:17.479Z In(05) vmx OvhdMem Total nonpaged                      :   34822  35859      - |   4701   4701      -
2025-11-13T05:39:17.479Z In(05) vmx OvhdMem Actual maximum                      :          34822        |         35859
2025-11-13T05:39:17.479Z In(05)+ vmx 
2025-11-13T05:39:17.480Z In(05) vmx                                                       reserved      |          used
2025-11-13T05:39:17.480Z In(05) vmx OvhdMem anonymous                                 cur    max    avg |    cur    max    avg
2025-11-13T05:39:17.480Z In(05) vmx OvhdMem OvhdMon_Alloc                       :      98     98      - |     50     83      -
2025-11-13T05:39:17.480Z In(05) vmx OvhdMem OvhdMon_BusMemFrame                 :     353    410      - |    353    353      -
2025-11-13T05:39:17.480Z In(05) vmx OvhdMem OvhdMon_BusMem2MInfo                :       4      4      - |      4      4      -
2025-11-13T05:39:17.480Z In(05) vmx OvhdMem OvhdMon_BusMem1GInfo                :       1      1      - |      1      1      -
2025-11-13T05:39:17.480Z In(05) vmx OvhdMem OvhdMon_BusMemZapListMPN            :       1      1      - |      1      1      -
2025-11-13T05:39:17.480Z In(05) vmx OvhdMem OvhdMon_BusMemPreval                :       4      4      - |      0      0      -
2025-11-13T05:39:17.480Z In(05) vmx OvhdMem OvhdMon_MonAS                       :       1      1      - |      1      1      -
2025-11-13T05:39:17.480Z In(05) vmx OvhdMem OvhdMon_GuestMem                    :      40     40      - |     30     30      -
2025-11-13T05:39:17.480Z In(05) vmx OvhdMem OvhdMon_TC                          :     513    513      - |    454    454      -
2025-11-13T05:39:17.480Z In(05) vmx OvhdMem OvhdMon_BusMemMonAS                 :       4      4      - |      4      4      -
2025-11-13T05:39:17.480Z In(05) vmx OvhdMem OvhdMon_PlatformMonAS               :       6      6      - |      3      3      -
2025-11-13T05:39:17.480Z In(05) vmx OvhdMem OvhdMon_HVNuma                      :       2      2      - |      0      0      -
2025-11-13T05:39:17.480Z In(05) vmx OvhdMem OvhdMon_HV                          :       1      1      - |      1      1      -
2025-11-13T05:39:17.480Z In(05) vmx OvhdMem OvhdMon_HVMSRBitmap                 :       1      1      - |      0      0      -
2025-11-13T05:39:17.480Z In(05) vmx OvhdMem OvhdMon_VHVGuestMSRBitmap           :       1      1      - |      0      0      -
2025-11-13T05:39:17.480Z In(05) vmx OvhdMem OvhdMon_VHV                         :       3      3      - |      0      0      -
2025-11-13T05:39:17.480Z In(05) vmx OvhdMem OvhdMon_Numa                        :      24     24      - |     14     24      -
2025-11-13T05:39:17.480Z In(05) vmx OvhdMem OvhdMon_NumaTextRodata              :     199    376      - |    177    354      -
2025-11-13T05:39:17.480Z In(05) vmx OvhdMem OvhdMon_NumaDataBss                 :      49     49      - |     49     49      -
2025-11-13T05:39:17.481Z In(05) vmx OvhdMem OvhdMon_NumaLargeData               :       0    512      - |      0      0      -
2025-11-13T05:39:17.481Z In(05) vmx OvhdMem OvhdMon_BaseWired                   :      28     29      - |     22     22      -
2025-11-13T05:39:17.481Z In(05) vmx OvhdMem OvhdMon_Bootstrap                   :       0   2303      - |      0    332      -
2025-11-13T05:39:17.481Z In(05) vmx OvhdMem OvhdMon_GPhysTraced                 :     264    264      - |    115    115      -
2025-11-13T05:39:17.481Z In(05) vmx OvhdMem OvhdMon_GPhysHWMMU                  :     828    828      - |    646    653      -
2025-11-13T05:39:17.481Z In(05) vmx OvhdMem OvhdMon_GPhysNoTrace                :     264    264      - |     68     69      -
2025-11-13T05:39:17.481Z In(05) vmx OvhdMem OvhdMon_PhysMemGart                 :     104    104      - |     96     96      -
2025-11-13T05:39:17.481Z In(05) vmx OvhdMem OvhdMon_PhysMemErr                  :       6      6      - |      0      0      -
2025-11-13T05:39:17.481Z In(05) vmx OvhdMem OvhdMon_VProbe                      :       1      1      - |      0      0      -
2025-11-13T05:39:17.481Z In(05) vmx OvhdMem Total anonymous                     :    2800   5850      - |   2089   2649      -
2025-11-13T05:39:17.481Z In(05) vmx OvhdMem Actual maximum                      :           2800        |          5161
2025-11-13T05:39:17.481Z In(05)+ vmx 
2025-11-13T05:39:17.481Z In(05) vmx VMMEM: Maximum Reservation: 987MB (MainMem=1024MB)
2025-11-13T05:39:17.482Z In(05) vmx MemSched: BALLOON HIST [0, 262144]: 13503 13503 0 0 0 0 0 0 0 0 0 0
2025-11-13T05:39:17.482Z In(05) vmx MemSched: BALLOON P50 1 P70 1 P90 1 MIN 0 MAX 0
2025-11-13T05:39:17.482Z In(05) vmx MemSched: SWAP HIST [0, 262144]: 34 2030 2007 9466 0 0 0 0 0 0 0 0
2025-11-13T05:39:17.482Z In(05) vmx MemSched: SWAP P50 30 P70 30 P90 30 MIN 0 MAX 67832
2025-11-13T05:39:17.482Z In(05) vmx MemSched: LOCK HIST [0, 262144]: 0 10 5 1 8 6 2 9436 3252 783 0 0
2025-11-13T05:39:17.482Z In(05) vmx MemSched: LOCK P50 70 P70 70 P90 80 MIN 1050 MAX 216241
2025-11-13T05:39:17.482Z In(05) vmx MemSched: LOCK_TARGET HIST [0, 262144]: 0 0 0 0 0 0 0 0 0 0 13503 13503
2025-11-13T05:39:17.482Z In(05) vmx MemSched: LOCK_TARGET P50 100 P70 100 P90 100 MIN 262144 MAX 303164
2025-11-13T05:39:17.482Z In(05) vmx MemSched: ACTIVE_PCT HIST [0, 100]: 0 10284 1689 855 181 60 60 61 313 0 0 0
2025-11-13T05:39:17.482Z In(05) vmx MemSched: ACTIVE_PCT P50 10 P70 10 P90 30 MIN 1 MAX 77
2025-11-13T05:39:17.482Z In(05) vmx MemSched: NUM_VMS HIST [0, 10]: 0 0 10259 3244 0 0 0 0 0 0 0 0
2025-11-13T05:39:17.482Z In(05) vmx MemSched: NUM_VMS P50 20 P70 20 P90 30 MIN 1 MAX 2
2025-11-13T05:39:17.482Z In(05) vmx MemSched: HOSTLOCK HIST [0, 3521024]: 0 10276 2482 59 686 0 0 0 0 0 0 0
2025-11-13T05:39:17.483Z In(05) vmx MemSched: HOSTLOCK P50 10 P70 10 P90 20 MIN 1050 MAX 1071777
2025-11-13T05:39:17.483Z In(05) vmx TOOLS received request in VMX to set option 'enableDnD' -> '0'
2025-11-13T05:39:17.483Z In(05) vmx GuestRpc: Attempt to send TCLO msg for 'toolbox' while GuestRpc is powering off.
2025-11-13T05:39:17.483Z In(05) vmx GuestRpc: Attempt to send TCLO msg for 'toolbox-dnd' while GuestRpc is powering off.
2025-11-13T05:39:17.483Z In(05) vmx TOOLS received request in VMX to set option 'copypaste' -> '0'
2025-11-13T05:39:17.483Z In(05) vmx GuestRpc: Attempt to send TCLO msg for 'toolbox' while GuestRpc is powering off.
2025-11-13T05:39:17.483Z In(05) vmx GuestRpc: Attempt to send TCLO msg for 'toolbox-dnd' while GuestRpc is powering off.
2025-11-13T05:39:17.484Z In(05) vmx HgfsServerManagerVigorExit: Destroy:
2025-11-13T05:39:17.484Z In(05) vmx Tools: ToolsRunningStatus_Exit, delayedRequest is 0x0
2025-11-13T05:39:17.484Z In(05) vmx Tools: Changing running status: 1 => 0.
2025-11-13T05:39:17.484Z In(05) vmx Tools: [RunningStatus] Last heartbeat value 13474 (last received 9s ago)
2025-11-13T05:39:17.485Z In(05) vmx TOOLS hostVerifiedSamlToken capability set to FALSE.
2025-11-13T05:39:17.486Z In(05) vmx TOOLS: appName=toolbox-dnd, oldStatus=0, status=0, guestInitiated=0.
2025-11-13T05:39:17.486Z In(05) vmx Tools: [AppStatus] Last heartbeat value 13474 (last received 9s ago)
2025-11-13T05:39:17.486Z In(05) vmx TOOLS: appName=toolbox, oldStatus=0, status=0, guestInitiated=0.
2025-11-13T05:39:17.488Z In(05) vmx USB: DevID(10e0f0002): Disconnecting device.
2025-11-13T05:39:17.512Z In(05) usbCCIDEnumCards USB-CCID: Card enum thread exiting.
2025-11-13T05:39:17.514Z In(05) vmx SOUNDLIB: Closing Wave sound backend.
2025-11-13T05:39:17.515Z In(05) mks MKSControlMgr: disconnected
2025-11-13T05:39:17.516Z In(05) mks GDI-Backend: stopped by HWinMux to do window composition.
2025-11-13T05:39:17.516Z In(05) mks MKSRenderMain: Stopping BasicOps
2025-11-13T05:39:17.516Z In(05) mks MKSRenderMain: Stopped BasicOps
2025-11-13T05:39:17.517Z In(05) mks MKS PowerOff
2025-11-13T05:39:17.518Z In(05) mks MKS thread is exiting
2025-11-13T05:39:17.518Z In(05) svga SVGA thread is exiting
2025-11-13T05:39:17.518Z Wa(03) vmx Guest: 
2025-11-13T05:39:17.518Z In(05) vmx scsi0:0: numIOs = 80746 numMergedIOs = 7938 numSplitIOs = 867 ( 9.8%)
2025-11-13T05:39:17.518Z In(05) vmx Closing disk 'scsi0:0'
2025-11-13T05:39:17.663Z In(05) vmx AIOWIN32C: asyncOps=44291 syncOps=77 bufSize=356Kb fixedOps=6725
2025-11-13T05:39:17.663Z In(05) aioCompletion AIO thread processed 44291 completions
2025-11-13T05:39:17.794Z In(05) deviceThread Device thread is exiting
2025-11-13T05:39:17.794Z In(05) vmx Vix: [mainDispatch.c:1172]: VMAutomationPowerOff: Powering off.
2025-11-13T05:39:17.795Z In(05) vmx Win32U_GetFileAttributes: GetFileAttributesExW("D:\VM\BeeBox\bee-box_v1.6\bee-box\bee-box.vmpl", ...) failed, error: 2
2025-11-13T05:39:17.795Z In(05) vmx Policy_SavePolicyFile: invalid arguments to function.
2025-11-13T05:39:17.795Z In(05) vmx PolicyVMX_Exit: Could not write out policies: 15.
2025-11-13T05:39:17.795Z In(05) vmx WORKER: asyncOps=2 maxActiveOps=1 maxPending=1 maxCompleted=1
2025-11-13T05:39:17.796Z In(05) PowerNotifyThread PowerNotify thread exiting.
2025-11-13T05:39:17.891Z In(05) vmx Vix: [mainDispatch.c:4213]: VMAutomation_ReportPowerOpFinished: statevar=1, newAppState=1873, success=1 additionalError=0
2025-11-13T05:39:17.891Z In(05) vmx Vix: [mainDispatch.c:4231]: VMAutomation: Ignoring ReportPowerOpFinished because the VMX is shutting down.
2025-11-13T05:39:17.892Z In(05) vmx STATSFILE: Amount of dynamic storage used: 656
2025-11-13T05:39:17.892Z In(05) vmx STATSFILE: Number of entries made: 67
2025-11-13T05:39:17.892Z No(00) vmx ConfigDB: Setting cleanShutdown = "TRUE"
2025-11-13T05:39:17.920Z In(05) vmx Vix: [mainDispatch.c:4213]: VMAutomation_ReportPowerOpFinished: statevar=0, newAppState=1870, success=1 additionalError=0
2025-11-13T05:39:17.920Z In(05) vmx Vix: [mainDispatch.c:4231]: VMAutomation: Ignoring ReportPowerOpFinished because the VMX is shutting down.
2025-11-13T05:39:17.920Z In(05) vmx Transitioned vmx/execState/val to poweredOff
2025-11-13T05:39:17.920Z In(05) vmx VMX idle exit
2025-11-13T05:39:17.920Z In(05) vmx WQPoolFreePoll : pollIx = 3, signalHandle = 2756
2025-11-13T05:39:17.922Z In(05) vmx Vix: [mainDispatch.c:818]: VMAutomation_LateShutdown()
2025-11-13T05:39:17.922Z In(05) vmx Vix: [mainDispatch.c:773]: VMAutomationCloseListenerSocket. Closing listener socket.
2025-11-13T05:39:17.922Z In(05) vmx Flushing VMX VMDB connections
2025-11-13T05:39:17.922Z In(05) vmx VmdbDbRemoveCnx: Removing Cnx from Db for '/db/connection/#1/'
2025-11-13T05:39:17.922Z In(05) vmx VmdbCnxDisconnect: Disconnect: closed pipe for pub cnx '/db/connection/#1/' (0)
2025-11-13T05:39:17.922Z In(05) vmx VigorTransport_ServerDestroy: server destroyed.
2025-11-13T05:39:17.922Z In(05) vmx WQPoolFreePoll : pollIx = 2, signalHandle = 820
2025-11-13T05:39:17.922Z In(05) vmx WQPoolFreePoll : pollIx = 1, signalHandle = 752
2025-11-13T05:39:17.931Z In(05) vmx VMX exit (0).
2025-11-13T05:39:17.931Z In(05) vmx OBJLIB-LIB: ObjLib cleanup done.
2025-11-13T05:39:17.931Z In(05) vmx AIOMGR-S : stat o=5 r=12 w=21 i=0 br=106892 bw=17112
